"Date","Price","Open","High","Low","Vol.","Change %"
"2025- 01- 24","54.83","55.06","55.12","54.76","121.24K","-0.42%"
"2025- 01- 23","55.06","54.70","55.06","54.70","177.54K","0.47%"
"2025- 01- 22","54.80","54.71","54.89","54.70","79.30K","0.55%"
"2025- 01- 21","54.50","54.29","54.50","54.12","462.60K","0.66%"
"2025- 01- 17","54.14","54.22","54.33","54.01","169.78K","0.95%"
"2025- 01- 16","53.63","53.93","53.93","53.56","141.14K","-0.41%"
"2025- 01- 15","53.85","53.55","53.93","53.51","141.31K","1.95%"
"2025- 01- 14","52.82","53.08","53.13","52.54","176.89K","-0.02%"
"2025- 01- 13","52.83","52.18","52.84","52.14","239.35K","0.23%"
"2025- 01- 10","52.71","53.26","53.26","52.55","139.35K","-1.53%"
"2025- 01- 08","53.53","53.51","53.63","53.19","211.97K","0.09%"
"2025- 01- 07","53.48","54.31","54.33","53.34","184.19K","-1.13%"
"2025- 01- 06","54.09","54.17","54.54","53.93","206.80K","0.58%"
"2025- 01- 03","53.78","53.30","53.80","53.25","140.64K","1.32%"
"2025- 01- 02","53.08","53.51","53.60","52.72","147.08K","-0.36%"
"2024- 12- 31","53.27","53.67","53.71","53.14","209.30K","-0.41%"
"2024- 12- 30","53.49","53.51","53.82","53.22","91.23K","-1.02%"
"2024- 12- 27","54.04","54.39","54.39","53.72","143.49K","-1.19%"
"2024- 12- 26","54.69","54.50","54.74","54.43","83.40K","-0.02%"
"2024- 12- 24","54.70","54.14","54.73","54.14","152.63K","1.09%"
"2024- 12- 23","54.11","53.78","54.16","53.45","207.71K","0.59%"
"2024- 12- 20","53.79","52.87","54.14","52.80","139.29K","1.00%"
"2024- 12- 19","53.26","53.79","53.89","53.26","309.11K","-0.08%"
"2024- 12- 18","53.30","54.88","55.14","53.30","202.78K","-2.84%"
"2024- 12- 17","54.86","54.74","54.92","54.72","339.37K","-0.16%"
"2024- 12- 16","54.95","55.01","55.07","54.88","208.71K","0.09%"
"2024- 12- 13","54.90","55.22","55.22","54.81","408.54K","-0.45%"
"2024- 12- 12","55.15","55.42","55.42","55.13","123.38K","-0.51%"
"2024- 12- 11","55.43","55.27","55.53","55.27","100.22K","0.67%"
"2024- 12- 10","55.06","55.32","55.32","55.03","202.35K","-0.18%"
"2024- 12- 09","55.16","55.35","55.35","55.10","212.67K","-0.38%"
"2024- 12- 06","55.37","55.53","55.62","55.33","76.36K","-0.14%"
"2024- 12- 05","55.45","55.58","55.60","55.42","84.10K","-0.18%"
"2024- 12- 04","55.55","55.37","55.56","55.25","96.63K","0.62%"
"2024- 12- 03","55.21","55.25","55.25","55.08","164.89K","0.04%"
"2024- 12- 02","55.19","55.15","55.26","55.08","97.65K","0.25%"
"2024- 11- 29","55.05","54.85","55.17","54.75","71.18K","0.57%"
"2024- 11- 27","54.74","54.85","54.91","54.62","149.90K","-0.24%"
"2024- 11- 26","54.87","54.75","54.94","54.65","156.33K","0.44%"
"2024- 11- 25","54.63","54.84","54.93","54.46","279.04K","0.20%"
"2024- 11- 22","54.52","54.31","54.54","54.29","133.26K","0.35%"
"2024- 11- 21","54.33","54.32","54.45","53.72","163.39K","0.57%"
"2024- 11- 20","54.02","54.12","54.12","53.58","167.00K","-0.06%"
"2024- 11- 19","54.05","53.55","54.13","53.50","139.12K","0.41%"
"2024- 11- 18","53.83","53.66","53.93","53.57","169.34K","0.47%"
"2024- 11- 15","53.58","53.96","53.97","53.46","240.38K","-1.20%"
"2024- 11- 14","54.23","54.59","54.59","54.18","145.23K","-0.50%"
"2024- 11- 13","54.50","54.60","54.68","54.34","475.42K","-0.04%"
"2024- 11- 12","54.52","54.62","54.73","54.34","130.05K","-0.31%"
"2024- 11- 11","54.69","54.80","54.85","54.52","434.53K","0.09%"
"2024- 11- 08","54.64","54.45","54.75","54.44","289.09K","0.53%"
"2024- 11- 07","54.35","54.13","54.44","54.11","297.14K","0.76%"
"2024- 11- 06","53.94","53.76","54.06","53.51","1.54M","2.49%"
"2024- 11- 05","52.63","52.10","52.64","52.10","59.82K","1.13%"
"2024- 11- 04","52.04","52.15","52.26","51.91","156.14K","-0.17%"
"2024- 11- 01","52.13","52.21","52.49","52.10","68.93K","0.27%"
"2024- 10- 31","51.99","52.74","52.74","51.99","85.26K","-2.16%"
"2024- 10- 30","53.14","53.22","53.43","53.06","129.19K","-0.34%"
"2024- 10- 29","53.32","53.25","53.43","53.10","219.33K","-0.04%"
"2024- 10- 28","53.34","53.45","53.50","53.31","215.63K","0.36%"
"2024- 10- 25","53.15","53.36","53.60","53.06","58.97K","0.00%"
"2024- 10- 24","53.15","53.22","53.22","52.90","76.73K","0.25%"
"2024- 10- 23","53.02","53.27","53.29","52.65","639.08K","-0.79%"
"2024- 10- 22","53.44","53.16","53.55","53.16","156.20K","0.00%"
"2024- 10- 21","53.44","53.43","53.55","53.19","134.69K","-0.11%"
"2024- 10- 18","53.50","53.48","53.56","53.36","85.22K","0.32%"
"2024- 10- 17","53.33","53.68","53.68","53.30","86.07K","-0.09%"
"2024- 10- 16","53.38","53.15","53.39","53.02","45.52K","0.60%"
"2024- 10- 15","53.06","53.56","53.60","53.00","78.22K","-0.90%"
"2024- 10- 14","53.54","53.17","53.60","53.17","53.99K","1.06%"
"2024- 10- 11","52.98","52.72","53.06","52.72","36.49K","0.47%"
"2024- 10- 10","52.73","52.62","52.83","52.58","118.83K","-0.09%"
"2024- 10- 09","52.78","52.46","52.85","52.44","67.64K","0.63%"
"2024- 10- 08","52.45","52.17","52.51","52.16","65.72K","0.98%"
"2024- 10- 07","51.94","52.29","52.34","51.89","75.24K","-0.88%"
"2024- 10- 04","52.40","52.32","52.40","51.99","198.64K","0.83%"
"2024- 10- 03","51.97","51.99","52.15","51.79","209.95K","-0.17%"
"2024- 10- 02","52.06","51.98","52.10","51.69","99.06K","0.08%"
"2024- 10- 01","52.02","52.54","52.56","51.81","192.77K","-1.07%"
"2024- 09- 30","52.58","52.23","52.61","52.05","128.49K","0.54%"
"2024- 09- 27","52.30","52.49","52.56","52.20","182.61K","-0.10%"
"2024- 09- 26","52.35","52.50","52.50","52.15","89.60K","0.44%"
"2024- 09- 25","52.12","52.16","52.28","52.00","162.54K","-0.19%"
"2024- 09- 24","52.22","52.11","52.22","51.86","87.59K","0.46%"
"2024- 09- 23","51.98","52.00","52.10","51.90","342.88K","0.17%"
"2024- 09- 20","51.89","52.02","52.06","51.74","135.44K","-0.63%"
"2024- 09- 19","52.22","52.22","52.42","52.02","103.13K","1.67%"
"2024- 09- 18","51.36","51.59","52.00","51.31","163.75K","-0.23%"
"2024- 09- 17","51.48","51.73","51.81","51.35","110.58K","-0.10%"
"2024- 09- 16","51.53","51.42","51.54","51.30","173.16K","0.08%"
"2024- 09- 13","51.49","51.32","51.58","51.25","87.28K","0.49%"
"2024- 09- 12","51.24","50.88","51.25","50.65","119.02K","0.79%"
"2024- 09- 11","50.84","50.35","50.89","49.53","156.49K","1.15%"
"2024- 09- 10","50.26","50.27","50.30","49.79","57.22K","0.28%"
"2024- 09- 09","50.12","49.97","50.23","49.80","278.82K","1.07%"
"2024- 09- 06","49.59","50.48","50.57","49.53","121.20K","-1.49%"
"2024- 09- 05","50.34","50.50","50.75","50.14","125.71K","-0.32%"
"2024- 09- 04","50.50","50.39","50.81","50.36","261.36K","-0.18%"
"2024- 09- 03","50.59","51.48","51.48","50.38","159.06K","-2.28%"
"2024- 08- 30","51.77","51.52","51.80","51.19","1.19M","0.90%"
"2024- 08- 29","51.31","51.62","51.84","51.28","132.45K","-0.18%"
"2024- 08- 28","51.40","51.67","51.74","51.13","115.29K","-0.68%"
"2024- 08- 27","51.75","51.50","51.81","51.47","98.53K","0.14%"
"2024- 08- 26","51.68","51.82","51.95","51.52","265.43K","-0.12%"
"2024- 08- 23","51.74","51.42","51.80","51.31","142.64K","1.27%"
"2024- 08- 22","51.09","51.76","51.80","51.02","277.34K","-0.89%"
"2024- 08- 21","51.55","51.47","51.69","51.35","206.53K","0.31%"
"2024- 08- 20","51.39","51.51","51.64","51.33","129.72K","-0.31%"
"2024- 08- 19","51.55","51.04","51.55","51.04","145.46K","1.06%"
"2024- 08- 16","51.01","50.70","51.04","50.70","84.88K","0.29%"
"2024- 08- 15","50.86","50.52","50.86","50.47","164.52K","1.64%"
"2024- 08- 14","50.04","49.93","50.09","49.69","86.07K","0.38%"
"2024- 08- 13","49.85","49.30","49.86","49.30","257.20K","1.78%"
"2024- 08- 12","48.98","49.09","49.23","48.85","140.58K","0.06%"
"2024- 08- 09","48.95","48.65","49.04","48.57","127.90K","0.51%"
"2024- 08- 08","48.70","48.18","48.81","47.96","110.88K","2.31%"
"2024- 08- 07","47.60","48.51","48.81","47.57","170.85K","-0.79%"
"2024- 08- 06","47.98","47.79","48.62","47.58","369.38K","0.93%"
"2024- 08- 05","47.54","46.99","48.15","46.88","244.66K","-3.18%"
"2024- 08- 02","49.10","49.22","49.48","48.75","336.70K","-1.48%"
"2024- 08- 01","49.84","50.76","50.95","49.55","201.36K","-1.48%"
"2024- 07- 31","50.59","50.59","50.93","50.43","151.14K","1.36%"
"2024- 07- 30","49.91","50.30","50.37","49.56","87.96K","-0.50%"
"2024- 07- 29","50.16","50.29","50.41","50.00","182.03K","0.14%"
"2024- 07- 26","50.09","49.91","50.39","49.91","84.71K","1.05%"
"2024- 07- 25","49.57","49.91","50.45","49.54","325.28K","-0.80%"
"2024- 07- 24","49.97","50.64","50.64","49.86","420.37K","-2.29%"
"2024- 07- 23","51.14","51.28","51.44","51.12","139.23K","-0.41%"
"2024- 07- 22","51.35","51.13","51.37","50.98","106.30K","1.16%"
"2024- 07- 19","50.76","51.09","51.20","50.65","311.40K","-0.74%"
"2024- 07- 18","51.14","51.70","51.79","50.93","147.40K","-0.81%"
"2024- 07- 17","51.56","51.67","51.80","51.55","279.70K","-1.30%"
"2024- 07- 16","52.24","52.09","52.27","51.99","85.86K","0.50%"
"2024- 07- 15","51.98","52.07","52.25","51.80","63.91K","0.46%"
"2024- 07- 12","51.74","51.51","52.10","51.51","183.41K","0.64%"
"2024- 07- 11","51.41","51.95","51.97","51.36","152.08K","-1.00%"
"2024- 07- 10","51.93","51.49","51.93","51.45","1.11M","1.13%"
"2024- 07- 09","51.35","51.34","51.42","51.28","333.36K","0.21%"
"2024- 07- 08","51.24","51.23","51.28","51.13","1.87M","0.22%"
"2024- 07- 05","51.13","50.89","51.15","50.83","125.39K","0.59%"
"2024- 07- 03","50.83","50.56","50.89","50.56","124.92K","0.51%"
"2024- 07- 02","50.57","50.08","50.57","50.08","57.04K","0.72%"
"2024- 07- 01","50.21","50.22","50.27","50.00","70.52K","0.30%"
"2024- 06- 28","50.06","50.40","50.61","50.00","111.68K","-0.44%"
"2024- 06- 27","50.28","50.29","50.36","50.10","124.44K","-0.06%"
"2024- 06- 26","50.31","50.20","50.33","50.05","79.81K","0.00%"
"2024- 06- 25","50.31","50.18","50.32","50.05","263.79K","0.58%"
"2024- 06- 24","50.02","50.18","50.33","49.98","183.05K","-0.26%"
"2024- 06- 21","50.15","50.22","50.32","50.11","108.79K","-0.52%"
"2024- 06- 20","50.41","50.77","50.79","50.31","324.29K","-0.45%"
"2024- 06- 18","50.64","50.44","50.64","50.44","109.11K","0.46%"
"2024- 06- 17","50.41","50.01","50.57","49.98","68.13K","0.72%"
"2024- 06- 14","50.05","49.93","50.09","49.82","316.55K","-0.04%"
"2024- 06- 13","50.07","50.10","50.12","49.79","117.73K","0.36%"
"2024- 06- 12","49.89","49.95","50.17","49.85","69.90K","0.89%"
"2024- 06- 11","49.45","49.24","49.47","49.05","66.77K","0.34%"
"2024- 06- 10","49.28","49.18","49.34","49.06","55.27K","0.10%"
"2024- 06- 07","49.23","49.20","49.43","49.11","48.63K","-0.10%"
"2024- 06- 06","49.28","49.36","49.39","49.12","214.72K","0.00%"
"2024- 06- 05","49.28","49.00","49.29","48.80","83.34K","1.15%"
"2024- 06- 04","48.72","48.60","48.80","48.43","104.06K","0.06%"
"2024- 06- 03","48.69","48.81","48.81","48.21","211.42K","0.16%"
"2024- 05- 31","48.61","48.29","48.61","47.80","241.72K","0.98%"
"2024- 05- 30","48.14","48.31","48.39","48.01","80.48K","-0.60%"
"2024- 05- 29","48.43","48.37","48.56","48.35","148.91K","-0.68%"
"2024- 05- 28","48.76","48.84","48.84","48.55","147.79K","0.18%"
"2024- 05- 24","48.67","48.53","48.70","48.45","134.57K","0.66%"
"2024- 05- 23","48.35","48.98","48.98","48.24","176.36K","-0.53%"
"2024- 05- 22","48.61","48.74","48.74","48.42","122.05K","-0.43%"
"2024- 05- 21","48.82","48.57","48.82","48.57","44.97K","0.54%"
"2024- 05- 20","48.56","48.56","48.74","48.53","75.83K","0.02%"
"2024- 05- 17","48.55","48.54","48.58","48.35","56.82K","0.14%"
"2024- 05- 16","48.48","48.55","48.69","48.45","63.56K","-0.08%"
"2024- 05- 15","48.52","48.10","48.52","48.10","62.01K","1.29%"
"2024- 05- 14","47.90","47.75","47.93","47.65","159.23K","0.48%"
"2024- 05- 13","47.67","47.78","47.78","47.59","56.35K","0.15%"
"2024- 05- 10","47.60","47.72","47.76","47.54","40.92K","0.15%"
"2024- 05- 09","47.53","47.34","47.57","47.28","58.08K","0.53%"
"2024- 05- 08","47.28","47.19","47.35","47.15","132.85K","-0.19%"
"2024- 05- 07","47.37","47.41","47.48","47.30","80.36K","0.13%"
"2024- 05- 06","47.31","47.07","47.33","47.05","114.16K","1.00%"
"2024- 05- 03","46.84","46.85","46.92","46.60","242.06K","1.25%"
"2024- 05- 02","46.26","46.18","46.30","45.80","145.74K","1.05%"
"2024- 05- 01","45.78","45.96","46.45","45.78","121.63K","-0.72%"
"2024- 04- 30","46.11","46.75","46.81","46.08","161.49K","-1.66%"
"2024- 04- 29","46.89","46.85","46.90","46.60","71.49K","0.54%"
"2024- 04- 26","46.64","46.46","46.81","46.45","119.08K","1.28%"
"2024- 04- 25","46.05","45.55","46.11","45.55","78.33K","-0.15%"
"2024- 04- 24","46.12","46.29","46.29","45.95","134.62K","-0.02%"
"2024- 04- 23","46.13","45.78","46.16","45.73","836.77K","1.23%"
"2024- 04- 22","45.57","45.40","45.81","45.21","177.13K","0.86%"
"2024- 04- 19","45.18","45.55","45.66","45.05","131.36K","-0.88%"
"2024- 04- 18","45.58","45.81","45.99","45.53","142.69K","-0.28%"
"2024- 04- 17","45.71","46.22","46.26","45.67","107.49K","-0.65%"
"2024- 04- 16","46.01","46.20","46.27","45.91","161.24K","-0.20%"
"2024- 04- 15","46.10","47.03","47.11","46.10","113.05K","-1.22%"
"2024- 04- 12","46.67","47.07","47.15","46.56","209.94K","-1.42%"
"2024- 04- 11","47.34","47.10","47.47","46.78","108.93K","0.87%"
"2024- 04- 10","46.93","46.88","47.07","46.75","146.11K","-0.99%"
"2024- 04- 09","47.40","47.53","47.53","46.96","114.74K","0.08%"
"2024- 04- 08","47.36","47.42","47.46","47.27","146.31K","0.08%"
"2024- 04- 05","47.32","46.97","47.48","46.90","74.73K","1.09%"
"2024- 04- 04","46.81","47.75","47.79","46.81","102.38K","-1.31%"
"2024- 04- 03","47.43","47.29","47.59","47.29","117.22K","0.11%"
"2024- 04- 02","47.38","47.36","47.41","47.20","65.47K","-0.75%"
"2024- 04- 01","47.74","47.91","47.94","47.64","101.30K","-0.19%"
"2024- 03- 28","47.83","47.81","47.92","47.78","106.95K","0.06%"
"2024- 03- 27","47.80","47.68","47.81","47.48","157.25K","0.87%"
"2024- 03- 26","47.39","47.69","47.69","47.38","84.23K","-0.23%"
"2024- 03- 25","47.50","47.51","47.62","47.47","116.28K","-0.34%"
"2024- 03- 22","47.66","47.68","47.76","47.60","174.63K","-0.06%"
"2024- 03- 21","47.69","47.81","47.86","47.65","163.46K","0.25%"
"2024- 03- 20","47.57","47.18","47.57","47.06","143.41K","0.87%"
"2024- 03- 19","47.16","46.74","47.16","46.72","88.82K","0.62%"
"2024- 03- 18","46.87","46.94","47.16","46.83","86.74K","0.60%"
"2024- 03- 15","46.59","46.50","46.70","46.44","31.55K","-0.91%"
"2024- 03- 14","47.02","47.18","47.20","46.77","131.23K","-0.13%"
"2024- 03- 13","47.08","47.17","47.19","46.96","59.75K","-0.11%"
"2024- 03- 12","47.13","46.77","47.17","46.55","119.76K","1.16%"
"2024- 03- 11","46.59","46.51","46.66","46.42","104.57K","0.04%"
"2024- 03- 08","46.57","46.99","47.21","46.55","89.04K","-0.53%"
"2024- 03- 07","46.82","46.65","46.92","46.64","104.69K","0.97%"
"2024- 03- 06","46.37","46.47","46.57","46.27","108.36K","0.45%"
"2024- 03- 05","46.16","46.44","46.47","45.98","129.82K","-1.07%"
"2024- 03- 04","46.66","46.69","46.83","46.64","122.73K","-0.19%"
"2024- 03- 01","46.75","46.45","46.77","46.36","124.59K","0.84%"
"2024- 02- 29","46.36","46.34","46.49","46.08","181.29K","0.43%"
"2024- 02- 28","46.16","46.12","46.19","46.05","46.30K","-0.22%"
"2024- 02- 27","46.26","46.26","46.27","46.09","83.92K","0.13%"
"2024- 02- 26","46.20","46.43","46.43","46.18","71.34K","-0.32%"
"2024- 02- 23","46.35","46.54","46.59","46.34","202.33K","-0.04%"
"2024- 02- 22","46.37","45.95","46.41","45.93","450.79K","2.27%"
"2024- 02- 21","45.34","45.14","45.36","45.02","136.80K","0.15%"
"2024- 02- 20","45.27","45.41","45.43","45.09","2.04M","-0.72%"
"2024- 02- 16","45.60","45.79","45.88","45.53","89.55K","-0.37%"
"2024- 02- 15","45.77","45.55","45.78","45.50","86.14K","0.46%"
"2024- 02- 14","45.56","45.47","45.58","45.18","126.96K","0.91%"
"2024- 02- 13","45.15","45.14","45.32","44.85","95.84K","-1.38%"
"2024- 02- 12","45.78","45.88","46.02","45.75","136.33K","-0.17%"
"2024- 02- 09","45.86","45.62","45.87","45.56","101.81K","0.81%"
"2024- 02- 08","45.49","45.52","45.54","45.43","63.75K","-0.07%"
"2024- 02- 07","45.52","45.40","45.54","45.29","99.63K","0.82%"
"2024- 02- 06","45.15","45.09","45.18","44.98","110.88K","0.29%"
"2024- 02- 05","45.02","45.13","45.16","44.83","189.15K","-0.27%"
"2024- 02- 02","45.14","44.70","45.28","44.70","155.42K","0.83%"
"2024- 02- 01","44.77","44.39","44.78","44.31","203.68K","1.27%"
"2024- 01- 31","44.21","44.70","44.78","44.19","297.73K","-1.65%"
"2024- 01- 30","44.95","45.01","45.03","44.90","72.20K","-0.22%"
"2024- 01- 29","45.05","44.74","45.05","44.66","233.84K","0.83%"
"2024- 01- 26","44.68","44.70","44.84","44.61","381.10K","-0.20%"
"2024- 01- 25","44.77","44.64","44.77","44.51","180.00K","0.49%"
"2024- 01- 24","44.55","44.71","44.84","44.50","258.01K","0.16%"
"2024- 01- 23","44.48","44.39","44.48","44.26","81.45K","0.36%"
"2024- 01- 22","44.32","44.38","44.46","44.26","144.92K","0.18%"
"2024- 01- 19","44.24","43.84","44.24","43.72","123.72K","1.26%"
"2024- 01- 18","43.69","43.47","43.69","43.31","77.22K","0.88%"
"2024- 01- 17","43.31","43.26","43.34","43.08","111.04K","-0.55%"
"2024- 01- 16","43.55","43.56","43.72","43.39","136.07K","-0.27%"
"2024- 01- 12","43.67","43.79","43.84","43.55","43.76K","-0.07%"
"2024- 01- 11","43.70","43.82","43.88","43.31","183.73K","-0.02%"
"2024- 01- 10","43.71","43.51","43.77","43.49","127.75K","0.53%"
"2024- 01- 09","43.48","43.34","43.55","43.23","139.38K","-0.05%"
"2024- 01- 08","43.50","42.92","43.52","42.92","87.47K","1.47%"
"2024- 01- 05","42.87","42.82","43.09","42.73","103.89K","0.19%"
"2024- 01- 04","42.79","42.90","43.16","42.79","266.43K","-0.37%"
"2024- 01- 03","42.95","43.04","43.19","42.93","155.54K","-0.81%"
"2024- 01- 02","43.30","43.27","43.39","43.10","349.38K","-0.55%"
"2023- 12- 29","43.54","43.68","43.71","43.37","92.36K","-0.30%"
"2023- 12- 28","43.67","43.67","43.75","43.64","97.86K","0.05%"
"2023- 12- 27","43.65","43.54","43.65","43.51","177.30K","0.25%"
"2023- 12- 26","43.54","43.45","43.65","43.45","61.77K","0.32%"
"2023- 12- 22","43.40","43.43","43.53","43.22","94.39K","0.16%"
"2023- 12- 21","43.33","43.22","43.34","42.97","171.96K","1.07%"
"2023- 12- 20","42.87","43.45","43.62","42.87","120.67K","-1.45%"
"2023- 12- 19","43.50","43.32","43.50","43.28","104.74K","0.58%"
"2023- 12- 18","43.25","43.15","43.29","43.13","286.04K","0.60%"
"2023- 12- 15","42.99","42.99","43.10","42.92","54.70K","-0.58%"
"2023- 12- 14","43.24","43.22","43.39","42.99","144.97K","0.32%"
"2023- 12- 13","43.10","42.52","43.11","42.52","106.82K","1.36%"
"2023- 12- 12","42.52","42.33","42.52","42.22","70.35K","0.40%"
"2023- 12- 11","42.35","42.20","42.35","42.15","187.22K","0.14%"
"2023- 12- 08","42.29","41.99","42.32","41.99","143.49K","0.36%"
"2023- 12- 07","42.14","41.92","42.16","41.92","59.71K","0.86%"
"2023- 12- 06","41.78","42.16","42.16","41.73","121.06K","-0.45%"
"2023- 12- 05","41.97","41.77","42.06","41.76","208.56K","0.26%"
"2023- 12- 04","41.86","41.85","41.90","41.65","133.60K","-0.71%"
"2023- 12- 01","42.16","41.81","42.19","41.81","139.18K","0.60%"
"2023- 11- 30","41.91","41.90","41.96","41.66","200.53K","0.24%"
"2023- 11- 29","41.81","42.04","42.14","41.75","221.50K","-0.05%"
"2023- 11- 28","41.83","41.69","41.94","41.66","139.61K","0.10%"
"2023- 11- 27","41.79","41.79","41.85","41.72","143.46K","-0.10%"
"2023- 11- 24","41.83","41.82","41.84","41.79","53.51K","-0.02%"
"2023- 11- 22","41.84","41.79","41.95","41.71","96.97K","0.46%"
"2023- 11- 21","41.65","41.65","41.68","41.53","129.13K","-0.31%"
"2023- 11- 20","41.78","41.43","41.84","41.41","123.38K","0.84%"
"2023- 11- 17","41.43","41.47","41.49","41.31","72.29K","-0.02%"
"2023- 11- 16","41.44","41.31","41.44","41.24","141.19K","0.17%"
"2023- 11- 15","41.37","41.38","41.48","41.26","101.13K","0.19%"
"2023- 11- 14","41.29","41.10","41.38","41.06","187.93K","1.95%"
"2023- 11- 13","40.50","40.46","40.60","40.34","182.22K","-0.14%"
"2023- 11- 10","40.56","40.03","40.58","39.98","94.40K","1.54%"
"2023- 11- 09","39.94","40.38","40.38","39.88","209.99K","-0.87%"
"2023- 11- 08","40.29","40.30","40.35","40.07","131.53K","0.17%"
"2023- 11- 07","40.22","40.10","40.29","40.01","128.86K","0.25%"
"2023- 11- 06","40.12","40.05","40.12","39.91","152.68K","0.40%"
"2023- 11- 03","39.96","39.76","40.10","39.76","234.47K","0.81%"
"2023- 11- 02","39.64","39.23","39.64","39.23","254.93K","1.93%"
"2023- 11- 01","38.89","38.55","38.94","38.51","273.96K","1.14%"
"2023- 10- 31","38.45","38.28","38.47","38.09","98.20K","0.55%"
"2023- 10- 30","38.24","37.98","38.33","37.90","557.67K","1.38%"
"2023- 10- 27","37.72","38.07","38.09","37.60","196.37K","-0.40%"
"2023- 10- 26","37.87","38.25","38.36","37.79","161.01K","-1.35%"
"2023- 10- 25","38.39","38.83","38.83","38.36","240.44K","-1.54%"
"2023- 10- 24","38.99","38.87","39.05","38.70","169.86K","0.88%"
"2023- 10- 23","38.65","38.55","38.97","38.40","140.72K","-0.15%"
"2023- 10- 20","38.71","39.18","39.19","38.71","55.54K","-1.30%"
"2023- 10- 19","39.22","39.56","39.77","39.14","140.54K","-0.68%"
"2023- 10- 18","39.49","39.92","39.97","39.40","87.23K","-1.45%"
"2023- 10- 17","40.07","39.81","40.25","39.71","80.01K","-0.05%"
"2023- 10- 16","40.09","39.84","40.19","39.84","79.36K","1.01%"
"2023- 10- 13","39.69","40.04","40.15","39.56","88.61K","-0.53%"
"2023- 10- 12","39.90","40.14","40.22","39.67","137.30K","-0.55%"
"2023- 10- 11","40.12","40.04","40.12","39.83","395.07K","0.50%"
"2023- 10- 10","39.92","39.73","40.14","39.73","74.71K","0.60%"
"2023- 10- 09","39.68","39.29","39.75","39.23","135.90K","0.46%"
"2023- 10- 06","39.50","38.80","39.62","38.68","283.58K","1.31%"
"2023- 10- 05","38.99","38.94","39.06","38.74","93.58K","0.00%"
"2023- 10- 04","38.99","38.72","39.08","38.63","111.20K","0.85%"
"2023- 10- 03","38.66","39.03","39.12","38.56","59.90K","-1.45%"
"2023- 10- 02","39.23","39.14","39.32","38.97","157.89K","0.15%"
"2023- 09- 29","39.17","39.53","39.56","39.05","107.75K","-0.10%"
"2023- 09- 28","39.21","38.96","39.33","38.88","106.66K","0.62%"
"2023- 09- 27","38.97","39.15","39.15","38.69","495.88K","-0.03%"
"2023- 09- 26","38.98","39.34","39.36","38.92","109.99K","-1.57%"
"2023- 09- 25","39.60","39.29","39.61","39.28","116.23K","0.51%"
"2023- 09- 22","39.40","39.68","39.78","39.39","201.13K","-0.30%"
"2023- 09- 21","39.52","39.88","39.93","39.52","201.21K","-1.69%"
"2023- 09- 20","40.20","40.72","40.75","40.15","76.98K","-1.03%"
"2023- 09- 19","40.62","40.66","40.68","40.38","59.59K","-0.32%"
"2023- 09- 18","40.75","40.67","40.85","40.63","288.15K","0.10%"
"2023- 09- 15","40.71","41.13","41.13","40.70","87.14K","-1.62%"
"2023- 09- 14","41.38","41.31","41.42","41.13","50.05K","0.83%"
"2023- 09- 13","41.04","40.94","41.14","40.92","60.38K","0.20%"
"2023- 09- 12","40.96","41.07","41.21","40.93","70.93K","-0.61%"
"2023- 09- 11","41.21","41.16","41.21","41.02","80.48K","0.73%"
"2023- 09- 08","40.91","40.79","41.03","40.79","16.55K","0.27%"
"2023- 09- 07","40.80","40.57","40.88","40.57","73.09K","-0.34%"
"2023- 09- 06","40.94","41.22","41.22","40.76","76.81K","-0.85%"
"2023- 09- 05","41.29","41.39","41.45","41.28","96.13K","-0.41%"
"2023- 09- 01","41.46","41.69","41.69","41.33","25.76K","0.17%"
"2023- 08- 31","41.39","41.50","41.58","41.36","58.85K","-0.05%"
"2023- 08- 30","41.41","41.30","41.46","41.22","70.08K","0.44%"
"2023- 08- 29","41.23","40.63","41.25","40.63","122.51K","1.58%"
"2023- 08- 28","40.59","40.64","40.67","40.45","180.71K","0.57%"
"2023- 08- 25","40.36","40.22","40.51","39.93","70.83K","0.70%"
"2023- 08- 24","40.08","40.82","40.82","40.08","90.85K","-1.47%"
"2023- 08- 23","40.68","40.31","40.72","40.31","68.13K","1.17%"
"2023- 08- 22","40.21","40.53","40.53","40.15","159.39K","-0.20%"
"2023- 08- 21","40.29","40.14","40.36","39.93","105.58K","0.80%"
"2023- 08- 18","39.97","39.67","40.08","39.66","115.41K","0.00%"
"2023- 08- 17","39.97","40.36","40.41","39.94","113.19K","-0.82%"
"2023- 08- 16","40.30","40.59","40.66","40.28","240.19K","-0.71%"
"2023- 08- 15","40.59","40.90","40.90","40.52","77.36K","-1.07%"
"2023- 08- 14","41.03","40.72","41.03","40.69","44.20K","0.59%"
"2023- 08- 11","40.79","40.63","40.90","40.63","31.10K","-0.05%"
"2023- 08- 10","40.81","41.00","41.35","40.77","120.31K","0.00%"
"2023- 08- 09","40.81","41.18","41.18","40.75","55.29K","-0.71%"
"2023- 08- 08","41.10","41.02","41.15","40.79","60.41K","-0.48%"
"2023- 08- 07","41.30","41.09","41.30","41.06","36.12K","0.81%"
"2023- 08- 04","40.97","41.37","41.54","40.93","81.04K","-0.41%"
"2023- 08- 03","41.14","41.05","41.32","40.99","59.41K","-0.29%"
"2023- 08- 02","41.26","41.54","41.57","41.20","74.27K","-1.50%"
"2023- 08- 01","41.89","41.95","41.97","41.82","83.00K","-0.38%"
"2023- 07- 31","42.05","42.02","42.06","41.90","108.17K","0.29%"
"2023- 07- 28","41.93","41.86","42.01","41.76","61.70K","1.13%"
"2023- 07- 27","41.46","42.09","42.14","41.39","125.57K","-0.74%"
"2023- 07- 26","41.77","41.70","41.89","41.57","61.25K","0.00%"
"2023- 07- 25","41.77","41.62","41.90","41.62","65.29K","0.34%"
"2023- 07- 24","41.63","41.58","41.70","41.51","136.65K","0.41%"
"2023- 07- 21","41.46","41.61","41.63","41.44","172.20K","0.02%"
"2023- 07- 20","41.45","41.63","41.78","41.38","103.24K","-0.88%"
"2023- 07- 19","41.82","41.79","41.91","41.72","122.59K","0.31%"
"2023- 07- 18","41.69","41.27","41.75","41.23","190.07K","0.97%"
"2023- 07- 17","41.29","41.21","41.39","41.17","68.97K","0.29%"
"2023- 07- 14","41.17","41.30","41.36","41.11","352.57K","-0.02%"
"2023- 07- 13","41.18","41.00","41.24","40.93","181.51K","0.98%"
"2023- 07- 12","40.78","40.78","40.92","40.68","155.94K","0.79%"
"2023- 07- 11","40.46","40.26","40.48","40.18","129.38K","0.70%"
"2023- 07- 10","40.18","40.16","40.22","40.02","124.13K","-0.07%"
"2023- 07- 07","40.21","40.26","40.58","40.18","102.08K","-0.17%"
"2023- 07- 06","40.28","40.27","40.33","40.03","534.56K","-0.81%"
"2023- 07- 05","40.61","40.46","40.68","40.46","92.80K","-0.25%"
"2023- 07- 03","40.71","40.63","40.71","40.60","42.39K","0.25%"
"2023- 06- 30","40.61","40.40","40.66","40.40","58.09K","1.30%"
"2023- 06- 29","40.09","40.00","40.12","39.94","100.25K","0.30%"
"2023- 06- 28","39.97","39.82","40.09","39.81","114.02K","0.00%"
"2023- 06- 27","39.97","39.58","40.01","39.56","67.44K","1.11%"
"2023- 06- 26","39.53","39.67","39.87","39.50","55.95K","-0.50%"
"2023- 06- 23","39.73","39.76","39.93","39.72","50.57K","-1.27%"
"2023- 06- 22","40.24","39.89","40.24","39.89","272.07K","0.63%"
"2023- 06- 21","39.99","40.19","40.19","39.95","72.45K","-0.65%"
"2023- 06- 20","40.25","40.30","40.35","40.06","123.96K","-0.54%"
"2023- 06- 16","40.47","40.87","40.87","40.42","49.80K","-0.32%"
"2023- 06- 15","40.60","40.08","40.68","40.00","170.61K","1.25%"
"2023- 06- 14","40.10","40.11","40.26","39.76","113.78K","0.10%"
"2023- 06- 13","40.06","40.00","40.13","39.87","500.32K","0.68%"
"2023- 06- 12","39.79","39.59","39.83","39.47","157.20K","0.86%"
"2023- 06- 09","39.45","39.48","39.64","39.35","62.60K","0.20%"
"2023- 06- 08","39.37","39.11","39.40","39.04","437.16K","0.72%"
"2023- 06- 07","39.09","39.31","39.43","39.02","107.14K","-0.56%"
"2023- 06- 06","39.31","39.20","39.33","39.12","783.98K","0.20%"
"2023- 06- 05","39.23","39.34","39.48","39.15","194.65K","-0.15%"
"2023- 06- 02","39.29","38.96","39.35","38.96","60.67K","1.47%"
"2023- 06- 01","38.72","38.31","38.82","38.25","85.93K","1.15%"
"2023- 05- 31","38.28","38.36","38.50","38.20","157.90K","-0.73%"
"2023- 05- 30","38.56","38.77","38.78","38.45","132.90K","0.08%"
"2023- 05- 26","38.53","38.06","38.60","38.06","76.76K","1.26%"
"2023- 05- 25","38.05","38.07","38.17","37.85","464.41K","1.04%"
"2023- 05- 24","37.66","37.72","37.79","37.53","139.68K","-0.69%"
"2023- 05- 23","37.92","38.25","38.28","37.91","130.50K","-1.20%"
"2023- 05- 22","38.38","38.30","38.48","38.27","140.93K","0.10%"
"2023- 05- 19","38.34","38.46","38.55","38.27","160.72K","-0.16%"
"2023- 05- 18","38.40","37.98","38.44","37.98","156.88K","0.89%"
"2023- 05- 17","38.06","37.77","38.08","37.65","168.31K","1.30%"
"2023- 05- 16","37.57","37.73","37.81","37.57","128.52K","-0.58%"
"2023- 05- 15","37.79","37.75","37.81","37.61","76.62K","0.29%"
"2023- 05- 12","37.68","37.83","37.87","37.47","71.32K","-0.19%"
"2023- 05- 11","37.75","37.72","37.79","37.58","92.50K","-0.11%"
"2023- 05- 10","37.79","37.84","37.93","37.45","111.49K","0.56%"
"2023- 05- 09","37.58","37.65","37.69","37.58","54.55K","-0.58%"
"2023- 05- 08","37.80","37.74","37.83","37.68","63.78K","0.16%"
"2023- 05- 05","37.74","37.37","37.85","37.37","127.15K","2.00%"
"2023- 05- 04","37.00","37.08","37.15","36.87","130.41K","-0.67%"
"2023- 05- 03","37.25","37.51","37.78","37.22","142.05K","-0.61%"
"2023- 05- 02","37.48","37.89","37.89","37.25","518.18K","-1.08%"
"2023- 05- 01","37.89","37.95","38.08","37.89","49.17K","-0.08%"
"2023- 04- 28","37.92","37.53","37.93","37.53","234.70K","0.77%"
"2023- 04- 27","37.63","37.07","37.64","37.07","224.26K","1.98%"
"2023- 04- 26","36.90","37.13","37.21","36.85","221.97K","-0.11%"
"2023- 04- 25","36.94","37.41","37.42","36.92","106.79K","-1.65%"
"2023- 04- 24","37.56","37.53","37.60","37.39","87.68K","0.11%"
"2023- 04- 21","37.52","37.52","37.57","37.36","79.86K","0.03%"
"2023- 04- 20","37.51","37.45","37.66","37.36","201.42K","-0.48%"
"2023- 04- 19","37.69","37.44","37.74","37.44","172.11K","0.05%"
"2023- 04- 18","37.67","37.76","37.78","37.54","151.04K","0.11%"
"2023- 04- 17","37.63","37.49","37.63","37.40","141.43K","0.16%"
"2023- 04- 14","37.57","37.70","37.75","37.33","107.57K","-0.05%"
"2023- 04- 13","37.59","37.25","37.64","37.17","126.99K","1.40%"
"2023- 04- 12","37.07","37.38","37.40","37.03","125.20K","-0.40%"
"2023- 04- 11","37.22","37.30","37.35","37.19","80.97K","-0.11%"
"2023- 04- 10","37.26","37.09","37.27","36.98","65.37K","-0.08%"
"2023- 04- 06","37.29","37.06","37.29","36.94","140.36K","0.49%"
"2023- 04- 05","37.11","37.14","37.17","36.94","117.74K","-0.24%"
"2023- 04- 04","37.20","37.40","37.47","37.08","220.29K","-0.53%"
"2023- 04- 03","37.40","37.23","37.40","37.16","696.61K","0.56%"
"2023- 03- 31","37.19","36.84","37.21","36.84","78.81K","1.31%"
"2023- 03- 30","36.71","36.71","36.72","36.54","138.60K","0.66%"
"2023- 03- 29","36.47","36.34","36.51","36.29","148.71K","1.36%"
"2023- 03- 28","35.98","35.95","36.00","35.80","121.55K","-0.11%"
"2023- 03- 27","36.02","36.14","36.24","35.98","200.56K","0.03%"
"2023- 03- 24","36.01","35.63","36.01","35.42","165.81K","0.59%"
"2023- 03- 23","35.80","35.95","36.32","35.55","225.24K","0.31%"
"2023- 03- 22","35.69","36.17","36.59","35.69","106.75K","-1.52%"
"2023- 03- 21","36.24","36.08","36.27","35.91","119.49K","1.34%"
"2023- 03- 20","35.76","35.57","35.79","35.44","290.87K","0.87%"
"2023- 03- 17","35.45","35.75","35.84","35.33","125.21K","-1.25%"
"2023- 03- 16","35.90","35.08","35.96","35.04","310.58K","1.87%"
"2023- 03- 15","35.24","35.00","35.28","34.74","397.36K","-0.65%"
"2023- 03- 14","35.47","35.32","35.57","35.01","263.50K","1.87%"
"2023- 03- 13","34.82","34.48","35.27","34.42","303.44K","-0.14%"
"2023- 03- 10","34.87","35.36","35.49","34.75","147.19K","-1.41%"
"2023- 03- 09","35.37","36.07","36.26","35.30","250.67K","-1.83%"
"2023- 03- 08","36.03","36.00","36.08","35.83","150.19K","0.19%"
"2023- 03- 07","35.96","36.54","36.54","35.90","259.66K","-1.61%"
"2023- 03- 06","36.55","36.60","36.79","36.50","111.60K","0.16%"
"2023- 03- 03","36.49","36.09","36.49","36.03","713.86K","1.67%"
"2023- 03- 02","35.89","35.46","35.99","35.46","55.41K","0.81%"
"2023- 03- 01","35.60","35.71","35.75","35.51","51.93K","-0.42%"
"2023- 02- 28","35.75","35.75","35.98","35.73","59.67K","-0.28%"
"2023- 02- 27","35.85","36.02","36.18","35.79","90.94K","0.25%"
"2023- 02- 24","35.76","35.68","35.82","35.53","77.46K","-1.16%"
"2023- 02- 23","36.18","36.24","36.31","35.78","115.66K","0.64%"
"2023- 02- 22","35.95","36.02","36.17","35.81","123.91K","-0.08%"
"2023- 02- 21","35.98","36.34","36.41","35.98","125.48K","-2.02%"
"2023- 02- 17","36.72","36.65","36.73","36.44","78.67K","-0.38%"
"2023- 02- 16","36.86","36.94","37.27","36.84","235.72K","-1.34%"
"2023- 02- 15","37.36","37.01","37.36","36.99","100.30K","0.21%"
"2023- 02- 14","37.28","37.18","37.47","36.90","249.39K","-0.03%"
"2023- 02- 13","37.29","36.87","37.30","36.87","78.95K","1.19%"
"2023- 02- 10","36.85","36.64","36.86","36.59","75.65K","0.44%"
"2023- 02- 09","36.69","37.37","37.37","36.61","103.84K","-1.03%"
"2023- 02- 08","37.07","37.32","37.42","37.01","60.61K","-1.09%"
"2023- 02- 07","37.48","36.88","37.59","36.84","78.61K","1.41%"
"2023- 02- 06","36.96","37.01","37.09","36.84","167.46K","-0.78%"
"2023- 02- 03","37.25","37.12","37.66","37.12","109.15K","-1.01%"
"2023- 02- 02","37.63","37.41","37.71","37.26","243.49K","1.32%"
"2023- 02- 01","37.14","36.71","37.38","36.40","365.98K","0.92%"
"2023- 01- 31","36.80","36.28","36.80","36.28","253.57K","1.49%"
"2023- 01- 30","36.26","36.47","36.63","36.24","185.29K","-1.29%"
"2023- 01- 27","36.74","36.52","36.94","36.52","811.97K","0.29%"
"2023- 01- 26","36.63","36.51","36.66","36.21","1.83M","0.99%"
"2023- 01- 25","36.27","35.81","36.28","35.63","340.49K","0.11%"
"2023- 01- 24","36.23","36.11","36.33","35.80","752.49K","-0.19%"
"2023- 01- 23","36.30","35.95","36.46","35.88","602.95K","1.17%"
"2023- 01- 20","35.88","35.33","35.88","35.20","91.59K","1.99%"
"2023- 01- 19","35.18","35.17","35.38","35.07","404.47K","-0.73%"
"2023- 01- 18","35.44","36.10","36.19","35.42","160.88K","-1.56%"
"2023- 01- 17","36.00","36.09","36.19","35.93","310.31K","-0.22%"
"2023- 01- 13","36.08","35.65","36.12","35.60","289.37K","0.53%"
"2023- 01- 12","35.89","35.82","36.01","35.53","335.01K","0.42%"
"2023- 01- 11","35.74","35.36","35.76","35.35","344.88K","1.36%"
"2023- 01- 10","35.26","34.90","35.26","34.88","138.79K","0.71%"
"2023- 01- 09","35.01","35.23","35.53","34.98","423.38K","0.06%"
"2023- 01- 06","34.99","34.50","35.08","34.24","121.50K","2.37%"
"2023- 01- 05","34.18","34.41","34.42","34.17","273.99K","-1.19%"
"2023- 01- 04","34.59","34.56","34.78","34.26","252.20K","0.49%"
"2023- 01- 03","34.42","34.79","34.94","34.14","1.17M","-0.41%"
"2022- 12- 30","34.56","34.40","34.56","34.20","497.46K","-0.17%"
"2022- 12- 29","34.62","34.29","34.71","34.29","244.25K","1.76%"
"2022- 12- 28","34.02","34.48","34.64","34.02","309.70K","-1.31%"
"2022- 12- 27","34.47","34.58","34.64","34.34","716.22K","-0.46%"
"2022- 12- 23","34.63","34.36","34.63","34.19","250.80K","0.58%"
"2022- 12- 22","34.43","34.65","34.65","33.90","181.48K","-1.35%"
"2022- 12- 21","34.90","34.62","35.02","34.61","1.25M","1.51%"
"2022- 12- 20","34.38","34.25","34.54","34.13","309.45K","0.20%"
"2022- 12- 19","34.31","34.70","34.70","34.16","257.79K","-0.98%"
"2022- 12- 16","34.65","34.80","34.90","34.43","225.37K","-1.62%"
"2022- 12- 15","35.22","35.69","35.75","35.08","511.30K","-2.55%"
"2022- 12- 14","36.14","36.33","36.70","35.86","401.13K","-0.74%"
"2022- 12- 13","36.41","37.05","37.12","36.14","318.56K","0.86%"
"2022- 12- 12","36.10","35.56","36.10","35.56","293.36K","1.58%"
"2022- 12- 09","35.54","35.72","35.93","35.50","261.00K","-0.86%"
"2022- 12- 08","35.85","35.70","35.92","35.60","179.04K","0.90%"
"2022- 12- 07","35.53","35.53","35.77","35.47","440.94K","-0.22%"
"2022- 12- 06","35.61","36.13","36.19","35.43","242.34K","-1.44%"
"2022- 12- 05","36.13","36.54","36.62","36.02","306.38K","-1.79%"
"2022- 12- 02","36.79","36.44","36.86","36.43","247.92K","-0.24%"
"2022- 12- 01","36.88","37.00","37.08","36.64","371.39K","0.00%"
"2022- 11- 30","36.88","35.75","36.88","35.60","372.57K","3.16%"
"2022- 11- 29","35.75","35.85","35.91","35.57","163.13K","-0.25%"
"2022- 11- 28","35.84","36.09","36.25","35.75","147.20K","-1.62%"
"2022- 11- 25","36.43","36.34","36.47","36.34","122.52K","-0.14%"
"2022- 11- 23","36.48","36.20","36.51","36.20","378.67K","0.58%"
"2022- 11- 22","36.27","35.96","36.28","35.80","109.32K","1.48%"
"2022- 11- 21","35.74","35.75","35.88","35.61","162.97K","-0.47%"
"2022- 11- 18","35.91","36.01","36.01","35.65","171.63K","0.48%"
"2022- 11- 17","35.74","35.36","35.82","35.35","189.64K","-0.20%"
"2022- 11- 16","35.81","35.98","36.01","35.78","163.61K","-0.80%"
"2022- 11- 15","36.10","36.37","36.49","35.74","342.12K","0.70%"
"2022- 11- 14","35.85","35.99","36.28","35.81","515.35K","-0.80%"
"2022- 11- 11","36.14","35.82","36.21","35.66","293.65K","1.12%"
"2022- 11- 10","35.74","35.03","35.75","34.94","484.01K","5.61%"
"2022- 11- 09","33.84","34.41","34.44","33.79","282.04K","-2.14%"
"2022- 11- 08","34.58","34.56","34.87","34.22","157.90K","0.44%"
"2022- 11- 07","34.43","34.11","34.44","34.00","111.43K","1.21%"
"2022- 11- 04","34.02","34.05","34.18","33.45","177.68K","1.67%"
"2022- 11- 03","33.46","33.59","33.76","33.28","233.28K","-1.09%"
"2022- 11- 02","33.83","34.64","35.09","33.83","655.80K","-2.51%"
"2022- 11- 01","34.70","35.29","35.29","34.59","656.20K","-0.60%"
"2022- 10- 31","34.91","34.97","35.11","34.86","266.18K","-0.71%"
"2022- 10- 28","35.16","34.27","35.21","34.27","156.34K","2.33%"
"2022- 10- 27","34.36","34.66","34.82","34.29","376.70K","-0.58%"
"2022- 10- 26","34.56","34.49","35.01","34.49","227.39K","-1.06%"
"2022- 10- 25","34.93","34.37","34.94","34.37","142.60K","1.57%"
"2022- 10- 24","34.39","34.14","34.51","33.90","272.30K","1.24%"
"2022- 10- 21","33.97","33.06","34.01","32.99","226.72K","2.54%"
"2022- 10- 20","33.13","33.30","33.77","33.07","178.16K","-0.60%"
"2022- 10- 19","33.33","33.39","33.60","33.10","251.12K","-0.83%"
"2022- 10- 18","33.61","33.91","34.01","33.29","405.75K","1.20%"
"2022- 10- 17","33.21","33.04","33.32","33.02","323.35K","2.50%"
"2022- 10- 14","32.40","33.35","33.48","32.33","329.11K","-2.09%"
"2022- 10- 13","33.09","31.60","33.24","31.47","844.76K","2.64%"
"2022- 10- 12","32.24","32.28","32.49","32.22","320.36K","-0.09%"
"2022- 10- 11","32.27","32.35","32.74","32.08","313.55K","-0.68%"
"2022- 10- 10","32.49","32.82","32.83","32.26","245.68K","-0.73%"
"2022- 10- 07","32.73","33.32","33.32","32.58","236.75K","-2.96%"
"2022- 10- 06","33.73","33.89","34.14","33.66","330.74K","-0.82%"
"2022- 10- 05","34.01","33.67","34.21","33.48","390.95K","-0.18%"
"2022- 10- 04","34.07","33.50","34.07","33.50","337.15K","3.24%"
"2022- 10- 03","33.00","32.45","33.17","32.37","579.75K","2.87%"
"2022- 09- 30","32.08","32.50","32.85","32.07","404.13K","-1.69%"
"2022- 09- 29","32.63","32.93","32.93","32.33","237.24K","-1.86%"
"2022- 09- 28","33.25","32.74","33.42","32.60","565.19K","1.71%"
"2022- 09- 27","32.69","33.11","33.31","32.47","433.50K","-0.24%"
"2022- 09- 26","32.77","32.91","33.26","32.66","310.66K","-0.88%"
"2022- 09- 23","33.06","33.30","33.30","32.67","927.79K","-1.64%"
"2022- 09- 22","33.61","33.77","33.92","33.58","375.73K","-0.71%"
"2022- 09- 21","33.85","34.65","34.90","33.85","243.79K","-1.83%"
"2022- 09- 20","34.48","34.54","34.63","34.21","134.40K","-1.03%"
"2022- 09- 19","34.84","34.29","34.86","34.29","157.57K","0.61%"
"2022- 09- 16","34.63","34.52","34.67","34.30","323.65K","-1.03%"
"2022- 09- 15","34.99","35.30","35.54","34.91","294.06K","-1.30%"
"2022- 09- 14","35.45","35.52","35.62","35.16","252.18K","0.31%"
"2022- 09- 13","35.34","36.19","36.25","35.29","402.17K","-4.51%"
"2022- 09- 12","37.01","36.80","37.03","36.76","162.42K","1.26%"
"2022- 09- 09","36.55","36.19","36.63","36.19","50.06K","1.64%"
"2022- 09- 08","35.96","35.52","36.04","35.45","333.71K","0.56%"
"2022- 09- 07","35.76","35.14","35.85","35.14","231.07K","1.68%"
"2022- 09- 06","35.17","35.47","35.49","35.00","318.09K","-0.48%"
"2022- 09- 02","35.34","36.04","36.20","35.19","267.63K","-1.01%"
"2022- 09- 01","35.70","35.38","35.75","35.16","204.35K","0.28%"
"2022- 08- 31","35.60","36.05","36.16","35.60","225.35K","-0.84%"
"2022- 08- 30","35.90","36.40","36.48","35.73","149.92K","-1.10%"
"2022- 08- 29","36.30","36.31","36.58","36.19","581.46K","-0.74%"
"2022- 08- 26","36.57","37.88","37.89","36.56","206.54K","-3.43%"
"2022- 08- 25","37.87","37.49","37.88","37.41","73.96K","1.45%"
"2022- 08- 24","37.33","37.23","37.47","37.18","83.85K","0.16%"
"2022- 08- 23","37.27","37.32","37.53","37.21","349.34K","-0.24%"
"2022- 08- 22","37.36","37.74","37.74","37.28","110.12K","-2.10%"
"2022- 08- 19","38.16","38.49","38.49","38.10","72.24K","-1.29%"
"2022- 08- 18","38.66","38.58","38.74","38.47","62.32K","0.21%"
"2022- 08- 17","38.58","38.47","38.79","38.45","134.20K","-0.67%"
"2022- 08- 16","38.84","38.69","39.00","38.59","128.19K","0.26%"
"2022- 08- 15","38.74","38.42","38.79","38.41","460.62K","0.34%"
"2022- 08- 12","38.61","38.21","38.62","38.09","323.65K","1.63%"
"2022- 08- 11","37.99","38.21","38.40","37.91","208.83K","0.08%"
"2022- 08- 10","37.96","37.79","37.96","37.66","156.28K","2.15%"
"2022- 08- 09","37.16","37.21","37.24","37.05","119.00K","-0.35%"
"2022- 08- 08","37.29","37.49","37.67","37.20","107.82K","-0.16%"
"2022- 08- 05","37.35","36.98","37.39","36.98","101.77K","-0.08%"
"2022- 08- 04","37.38","37.35","37.44","37.22","194.92K","0.08%"
"2022- 08- 03","37.35","36.98","37.49","36.98","109.16K","1.52%"
"2022- 08- 02","36.79","36.91","37.21","36.70","119.37K","-0.76%"
"2022- 08- 01","37.07","36.97","37.28","36.90","285.50K","-0.40%"
"2022- 07- 29","37.22","36.88","37.30","36.81","165.82K","1.44%"
"2022- 07- 28","36.69","36.36","36.70","36.00","155.72K","1.19%"
"2022- 07- 27","36.26","35.66","36.38","35.65","151.83K","2.72%"
"2022- 07- 26","35.30","35.50","35.53","35.21","96.82K","-1.20%"
"2022- 07- 25","35.73","35.78","35.78","35.51","121.25K","0.20%"
"2022- 07- 22","35.66","36.10","36.13","35.48","165.38K","-1.05%"
"2022- 07- 21","36.04","35.73","36.04","35.40","239.72K","0.75%"
"2022- 07- 20","35.77","35.50","35.90","35.44","239.69K","0.59%"
"2022- 07- 19","35.56","35.02","35.58","34.93","104.97K","2.74%"
"2022- 07- 18","34.61","35.22","35.25","34.48","224.73K","-0.80%"
"2022- 07- 15","34.89","34.70","34.91","34.54","224.77K","1.96%"
"2022- 07- 14","34.22","33.92","34.29","33.59","189.19K","-0.23%"
"2022- 07- 13","34.30","34.05","34.54","33.98","256.31K","-0.61%"
"2022- 07- 12","34.51","34.82","35.01","34.35","173.03K","-0.98%"
"2022- 07- 11","34.85","34.99","35.08","34.78","139.73K","-1.08%"
"2022- 07- 08","35.23","35.09","35.38","34.99","126.98K","-0.09%"
"2022- 07- 07","35.26","34.91","35.32","34.91","102.67K","1.50%"
"2022- 07- 06","34.74","34.66","34.94","34.40","435.68K","0.49%"
"2022- 07- 05","34.57","34.04","34.61","33.79","380.38K","0.26%"
"2022- 07- 01","34.48","34.08","34.52","33.81","212.70K","0.97%"
"2022- 06- 30","34.15","34.12","34.45","33.73","271.70K","-0.99%"
"2022- 06- 29","34.49","34.53","34.67","34.34","181.02K","0.06%"
"2022- 06- 28","34.47","35.29","35.59","34.47","255.47K","-2.02%"
"2022- 06- 27","35.18","35.43","35.43","35.07","443.40K","-0.28%"
"2022- 06- 24","35.28","34.52","35.30","34.52","130.38K","2.53%"
"2022- 06- 23","34.41","34.31","34.46","33.96","445.74K","0.94%"
"2022- 06- 22","34.09","33.71","34.46","33.71","282.96K","-0.06%"
"2022- 06- 21","34.11","33.72","34.24","33.72","1.69M","2.59%"
"2022- 06- 17","33.25","33.20","33.53","32.94","808.57K","0.18%"
"2022- 06- 16","33.19","33.46","33.46","32.95","407.66K","-3.15%"
"2022- 06- 15","34.27","34.08","34.68","33.67","566.63K","1.51%"
"2022- 06- 14","33.76","34.02","34.10","33.50","345.64K","-0.24%"
"2022- 06- 13","33.84","34.25","34.40","33.72","894.19K","-3.84%"
"2022- 06- 10","35.19","35.71","35.71","35.19","423.83K","-2.92%"
"2022- 06- 09","36.25","37.00","37.19","36.25","130.55K","-2.50%"
"2022- 06- 08","37.18","37.39","37.54","37.12","74.30K","-0.96%"
"2022- 06- 07","37.54","36.89","37.60","36.88","119.77K","0.86%"
"2022- 06- 06","37.22","37.48","37.66","37.10","168.46K","0.32%"
"2022- 06- 03","37.10","37.30","37.40","37.00","332.53K","-1.54%"
"2022- 06- 02","37.68","37.08","37.70","36.72","416.85K","1.62%"
"2022- 06- 01","37.08","37.50","37.60","36.84","744.99K","-0.59%"
"2022- 05- 31","37.30","37.34","37.59","37.03","304.13K","-0.40%"
"2022- 05- 27","37.45","36.77","37.46","36.77","173.64K","2.46%"
"2022- 05- 26","36.55","35.96","36.69","35.95","189.23K","1.90%"
"2022- 05- 25","35.87","35.46","36.04","35.45","317.57K","0.79%"
"2022- 05- 24","35.59","35.48","35.70","34.99","262.40K","-0.81%"
"2022- 05- 23","35.88","35.43","35.93","35.33","399.11K","2.13%"
"2022- 05- 20","35.13","35.41","35.50","34.33","418.01K","0.17%"
"2022- 05- 19","35.07","35.08","35.47","34.95","234.59K","-0.74%"
"2022- 05- 18","35.33","36.38","36.41","35.25","166.63K","-4.12%"
"2022- 05- 17","36.85","36.62","36.86","36.36","243.57K","2.05%"
"2022- 05- 16","36.11","36.03","36.43","35.88","249.13K","-0.28%"
"2022- 05- 13","36.21","35.73","36.31","35.64","200.42K","2.46%"
"2022- 05- 12","35.34","35.10","35.66","34.70","382.46K","-0.39%"
"2022- 05- 11","35.48","35.88","36.43","35.40","280.45K","-1.47%"
"2022- 05- 10","36.01","36.45","36.58","35.67","647.07K","0.31%"
"2022- 05- 09","35.90","36.57","36.64","35.75","1.12M","-3.31%"
"2022- 05- 06","37.13","37.04","37.41","36.61","463.64K","-0.35%"
"2022- 05- 05","37.26","38.17","38.20","36.90","254.05K","-3.42%"
"2022- 05- 04","38.58","37.58","38.67","37.26","360.27K","2.91%"
"2022- 05- 03","37.49","37.29","37.70","37.23","299.78K","0.48%"
"2022- 05- 02","37.31","37.07","37.35","36.50","295.16K","0.48%"
"2022- 04- 29","37.13","38.17","38.36","37.04","156.25K","-3.81%"
"2022- 04- 28","38.60","38.05","38.77","37.72","118.87K","2.55%"
"2022- 04- 27","37.64","37.78","38.17","37.50","379.51K","0.37%"
"2022- 04- 26","37.50","38.43","38.43","37.50","208.84K","-3.05%"
"2022- 04- 25","38.68","38.21","38.70","37.81","529.95K","0.49%"
"2022- 04- 22","38.49","39.48","39.49","38.42","84.48K","-2.73%"
"2022- 04- 21","39.57","40.47","40.66","39.50","445.97K","-1.49%"
"2022- 04- 20","40.17","40.37","40.39","40.08","107.86K","0.22%"
"2022- 04- 19","40.08","39.43","40.17","39.43","168.12K","1.52%"
"2022- 04- 18","39.48","39.39","39.66","39.29","113.22K","0.00%"
"2022- 04- 14","39.48","40.05","40.11","39.45","93.10K","-1.28%"
"2022- 04- 13","39.99","39.46","40.08","39.46","237.19K","1.16%"
"2022- 04- 12","39.53","39.96","40.17","39.37","324.61K","-0.45%"
"2022- 04- 11","39.71","40.06","40.11","39.62","236.25K","-1.71%"
"2022- 04- 08","40.40","40.47","40.68","40.33","130.53K","-0.39%"
"2022- 04- 07","40.56","40.26","40.74","40.10","216.10K","0.60%"
"2022- 04- 06","40.32","40.41","40.58","40.08","127.58K","-1.32%"
"2022- 04- 05","40.86","41.33","41.45","40.75","104.03K","-1.35%"
"2022- 04- 04","41.42","41.07","41.42","41.00","281.59K","0.98%"
"2022- 04- 01","41.02","41.00","41.11","40.67","134.59K","0.15%"
"2022- 03- 31","40.96","41.57","41.57","40.93","77.83K","-1.56%"
"2022- 03- 30","41.61","41.75","41.81","41.40","139.42K","-0.64%"
"2022- 03- 29","41.88","41.71","41.88","41.46","176.91K","1.23%"
"2022- 03- 28","41.37","40.99","41.38","40.82","99.72K","0.88%"
"2022- 03- 25","41.01","40.89","41.05","40.70","86.01K","0.51%"
"2022- 03- 24","40.80","40.36","40.82","40.32","161.75K","1.49%"
"2022- 03- 23","40.20","40.51","40.65","40.20","120.99K","-1.23%"
"2022- 03- 22","40.70","40.38","40.79","40.38","255.10K","1.09%"
"2022- 03- 21","40.26","40.22","40.43","39.89","206.31K","0.07%"
"2022- 03- 18","40.23","39.63","40.23","39.54","129.34K","1.00%"
"2022- 03- 17","39.83","39.24","39.83","39.21","366.92K","1.12%"
"2022- 03- 16","39.39","38.88","39.43","38.41","191.64K","2.44%"
"2022- 03- 15","38.45","37.82","38.54","37.76","248.18K","2.18%"
"2022- 03- 14","37.63","38.01","38.31","37.57","242.43K","-0.95%"
"2022- 03- 11","37.99","38.77","38.77","37.93","79.28K","-1.20%"
"2022- 03- 10","38.45","38.26","38.55","38.03","161.97K","-0.52%"
"2022- 03- 09","38.65","38.44","38.81","38.30","274.61K","2.79%"
"2022- 03- 08","37.60","37.87","38.59","37.50","676.03K","-0.74%"
"2022- 03- 07","37.88","38.97","38.97","37.88","246.18K","-3.07%"
"2022- 03- 04","39.08","39.11","39.12","38.69","325.77K","-0.81%"
"2022- 03- 03","39.40","39.86","39.92","39.28","310.22K","-0.58%"
"2022- 03- 02","39.63","39.07","39.77","39.06","369.11K","1.77%"
"2022- 03- 01","38.94","39.37","39.53","38.66","268.25K","-1.49%"
"2022- 02- 28","39.53","39.19","39.65","38.97","617.71K","-0.15%"
"2022- 02- 25","39.59","38.94","39.62","38.75","289.72K","2.09%"
"2022- 02- 24","38.78","37.19","38.82","37.19","619.44K","1.33%"
"2022- 02- 23","38.27","39.26","39.32","38.20","231.07K","-1.70%"
"2022- 02- 22","38.93","39.12","39.48","38.61","228.65K","-1.12%"
"2022- 02- 18","39.37","39.72","39.75","39.15","129.64K","-0.78%"
"2022- 02- 17","39.68","40.30","40.30","39.62","183.07K","-2.19%"
"2022- 02- 16","40.57","40.35","40.67","40.14","223.15K","0.20%"
"2022- 02- 15","40.49","40.29","40.53","40.24","124.90K","1.78%"
"2022- 02- 14","39.78","39.84","40.03","39.53","211.97K","-0.30%"
"2022- 02- 11","39.90","40.83","40.90","39.80","522.74K","-2.11%"
"2022- 02- 10","40.76","41.04","41.49","40.56","107.30K","-1.83%"
"2022- 02- 09","41.52","41.35","41.52","41.32","194.08K","1.49%"
"2022- 02- 08","40.91","40.60","41.03","40.44","95.39K","0.81%"
"2022- 02- 07","40.58","40.86","40.95","40.49","121.33K","-0.34%"
"2022- 02- 04","40.72","40.56","41.08","40.31","227.33K","0.64%"
"2022- 02- 03","40.46","40.82","41.05","40.42","407.67K","-2.03%"
"2022- 02- 02","41.30","41.17","41.34","40.90","243.99K","1.15%"
"2022- 02- 01","40.83","40.69","40.86","40.35","404.15K","0.64%"
"2022- 01- 31","40.57","39.80","40.59","39.74","246.62K","1.78%"
"2022- 01- 28","39.86","38.95","39.87","38.55","173.46K","2.68%"
"2022- 01- 27","38.82","39.48","39.77","38.70","240.87K","-0.49%"
"2022- 01- 26","39.01","39.71","40.01","38.64","1.48M","-0.26%"
"2022- 01- 25","39.11","39.06","39.57","38.48","759.10K","-1.16%"
"2022- 01- 24","39.57","38.93","39.62","37.89","809.87K","0.10%"
"2022- 01- 21","39.53","40.10","40.35","39.50","732.66K","-1.59%"
"2022- 01- 20","40.17","40.87","41.25","40.15","198.83K","-1.08%"
"2022- 01- 19","40.61","41.28","41.36","40.60","122.65K","-1.05%"
"2022- 01- 18","41.04","41.39","41.39","40.98","170.11K","-1.72%"
"2022- 01- 14","41.76","41.46","41.81","41.37","107.43K","0.07%"
"2022- 01- 13","41.73","42.53","42.54","41.66","245.07K","-1.46%"
"2022- 01- 12","42.35","42.46","42.57","42.23","191.02K","0.36%"
"2022- 01- 11","42.20","41.86","42.24","41.54","471.45K","0.93%"
"2022- 01- 10","41.81","41.60","41.86","41.00","459.02K","-0.12%"
"2022- 01- 07","41.86","42.03","42.09","41.71","168.81K","-0.36%"
"2022- 01- 06","42.01","42.10","42.25","41.80","673.99K","-0.33%"
"2022- 01- 05","42.15","43.02","43.02","42.11","354.36K","-1.89%"
"2022- 01- 04","42.96","43.17","43.22","42.78","107.94K","-0.19%"
"2022- 01- 03","43.04","42.86","43.05","42.71","217.22K","0.91%"
"2021- 12- 31","42.65","42.78","42.86","42.65","171.88K","-0.33%"
"2021- 12- 30","42.79","42.98","43.05","42.76","98.83K","-0.35%"
"2021- 12- 29","42.94","42.95","43.03","42.82","257.63K","0.09%"
"2021- 12- 28","42.90","43.03","43.05","42.82","342.08K","-0.14%"
"2021- 12- 27","42.96","42.47","42.96","42.47","156.70K","1.46%"
"2021- 12- 23","42.34","42.13","42.47","42.13","68.36K","0.71%"
"2021- 12- 22","42.04","41.65","42.08","41.64","100.63K","1.01%"
"2021- 12- 21","41.62","41.29","41.63","41.00","140.57K","1.84%"
"2021- 12- 20","40.87","40.85","40.92","40.58","123.18K","-1.02%"
"2021- 12- 17","41.29","41.50","41.76","41.04","486.84K","-1.57%"
"2021- 12- 16","41.95","42.59","42.59","41.81","220.98K","-1.01%"
"2021- 12- 15","42.38","41.72","42.38","41.45","164.64K","1.66%"
"2021- 12- 14","41.69","41.66","41.85","41.40","93.06K","-0.69%"
"2021- 12- 13","41.98","42.47","42.47","41.96","313.01K","-1.11%"
"2021- 12- 10","42.45","42.26","42.48","42.07","91.91K","1.05%"
"2021- 12- 09","42.01","42.24","42.27","42.01","63.31K","-0.64%"
"2021- 12- 08","42.28","42.30","42.36","42.06","160.29K","0.12%"
"2021- 12- 07","42.23","41.90","42.24","41.90","48.54K","2.10%"
"2021- 12- 06","41.36","41.15","41.51","40.93","175.64K","0.95%"
"2021- 12- 03","40.97","41.48","41.53","40.49","134.62K","-0.70%"
"2021- 12- 02","41.26","40.81","41.45","40.68","240.29K","1.28%"
"2021- 12- 01","40.74","41.74","41.95","40.73","153.50K","-0.95%"
"2021- 11- 30","41.13","41.58","41.81","41.10","199.25K","-1.65%"
"2021- 11- 29","41.82","41.72","42.02","41.59","217.26K","1.16%"
"2021- 11- 26","41.34","41.68","41.68","41.25","52.48K","-2.15%"
"2021- 11- 24","42.25","41.97","42.29","41.91","95.18K","0.09%"
"2021- 11- 23","42.21","42.04","42.23","41.83","135.57K","0.26%"
"2021- 11- 22","42.10","42.43","42.67","42.10","78.99K","-0.24%"
"2021- 11- 19","42.20","42.27","42.36","42.19","55.17K","-0.12%"
"2021- 11- 18","42.25","42.15","42.30","41.95","73.95K","0.62%"
"2021- 11- 17","41.99","42.14","42.15","41.99","1.50M","-0.28%"
"2021- 11- 16","42.11","41.92","42.21","41.90","93.20K","0.50%"
"2021- 11- 15","41.90","42.06","42.06","41.77","49.01K","-0.14%"
"2021- 11- 12","41.96","41.75","41.96","41.64","56.12K","0.72%"
"2021- 11- 11","41.66","41.84","41.87","41.65","31.86K","0.05%"
"2021- 11- 10","41.64","41.79","41.95","41.51","68.46K","-0.64%"
"2021- 11- 09","41.91","42.19","42.19","41.84","535.57K","-0.40%"
"2021- 11- 08","42.08","42.12","42.22","42.05","45.62K","0.14%"
"2021- 11- 05","42.02","42.08","42.25","41.93","89.16K","0.21%"
"2021- 11- 04","41.93","41.69","41.93","41.69","57.44K","0.72%"
"2021- 11- 03","41.63","41.29","41.65","41.25","51.71K","0.68%"
"2021- 11- 02","41.35","41.14","41.37","41.13","71.67K","0.44%"
"2021- 11- 01","41.17","41.20","41.32","40.98","318.10K","0.17%"
"2021- 10- 29","41.10","40.79","41.13","40.78","48.85K","0.22%"
"2021- 10- 28","41.01","40.71","41.03","40.71","59.24K","1.08%"
"2021- 10- 27","40.57","40.72","40.87","40.57","207.26K","-0.29%"
"2021- 10- 26","40.69","40.70","40.90","40.63","182.60K","0.35%"
"2021- 10- 25","40.55","40.45","40.55","40.29","79.73K","0.58%"
"2021- 10- 22","40.32","40.35","40.41","40.15","47.42K","-0.08%"
"2021- 10- 21","40.35","40.19","40.36","40.14","48.08K","0.30%"
"2021- 10- 20","40.23","40.13","40.23","40.10","58.39K","0.45%"
"2021- 10- 19","40.05","39.93","40.06","39.87","41.08K","0.78%"
"2021- 10- 18","39.74","39.50","39.77","39.50","164.88K","0.15%"
"2021- 10- 15","39.68","39.53","39.68","39.43","90.90K","0.94%"
"2021- 10- 14","39.31","38.94","39.34","38.88","117.90K","1.76%"
"2021- 10- 13","38.63","38.63","38.63","38.33","211.17K","0.31%"
"2021- 10- 12","38.51","38.68","38.68","38.49","254.58K","-0.23%"
"2021- 10- 11","38.60","38.76","39.04","38.59","109.11K","-0.64%"
"2021- 10- 08","38.85","39.02","39.02","38.78","68.46K","-0.05%"
"2021- 10- 07","38.87","38.87","39.11","38.85","75.71K","0.91%"
"2021- 10- 06","38.52","38.02","38.53","37.89","120.60K","0.60%"
"2021- 10- 05","38.29","38.04","38.55","38.00","26.99K","0.87%"
"2021- 10- 04","37.96","38.37","38.40","37.77","269.54K","-1.15%"
"2021- 10- 01","38.40","38.14","38.53","37.85","124.59K","1.16%"
"2021- 09- 30","37.96","38.58","38.58","37.92","94.65K","-1.30%"
"2021- 09- 29","38.46","38.53","38.65","38.39","73.22K","0.19%"
"2021- 09- 28","38.39","38.93","38.93","38.34","39.16K","-2.02%"
"2021- 09- 27","39.18","39.23","39.27","39.13","34.36K","-0.27%"
"2021- 09- 24","39.29","39.09","39.32","39.09","22.64K","0.12%"
"2021- 09- 23","39.24","38.97","39.35","38.84","42.91K","1.21%"
"2021- 09- 22","38.77","38.60","38.86","38.52","88.81K","0.99%"
"2021- 09- 21","38.39","38.64","38.70","38.32","146.75K","-0.03%"
"2021- 09- 20","38.40","38.51","38.59","37.94","127.16K","-1.84%"
"2021- 09- 17","39.12","39.47","39.47","39.07","22.89K","-1.09%"
"2021- 09- 16","39.55","39.57","39.66","39.31","100.23K","-0.25%"
"2021- 09- 15","39.65","39.39","39.65","39.29","33.88K","0.89%"
"2021- 09- 14","39.30","39.66","39.66","39.20","66.40K","-0.43%"
"2021- 09- 13","39.47","39.64","39.65","39.30","83.82K","0.30%"
"2021- 09- 10","39.35","39.78","39.80","39.35","69.90K","-0.82%"
"2021- 09- 09","39.68","39.80","40.01","39.66","31.03K","-0.65%"
"2021- 09- 08","39.94","39.89","39.94","39.71","103.20K","0.03%"
"2021- 09- 07","39.93","40.06","40.06","39.87","70.57K","-0.27%"
"2021- 09- 03","40.04","40.00","40.10","39.93","155.95K","-0.07%"
"2021- 09- 02","40.07","40.11","40.14","39.94","246.45K","0.30%"
"2021- 09- 01","39.95","40.04","40.07","39.93","62.58K","0.00%"
"2021- 08- 31","39.95","40.04","40.04","39.87","453.87K","-0.15%"
"2021- 08- 30","40.01","39.91","40.06","39.87","206.40K","0.50%"
"2021- 08- 27","39.81","39.56","39.82","39.53","61.02K","0.94%"
"2021- 08- 26","39.44","39.65","39.70","39.44","27.85K","-0.65%"
"2021- 08- 25","39.70","39.72","39.74","39.60","234.13K","0.18%"
"2021- 08- 24","39.63","39.67","39.72","39.59","167.68K","0.13%"
"2021- 08- 23","39.58","39.45","39.64","39.38","194.87K","0.89%"
"2021- 08- 20","39.23","38.98","39.23","38.94","65.36K","0.87%"
"2021- 08- 19","38.89","38.57","38.95","38.57","153.33K","0.23%"
"2021- 08- 18","38.80","39.23","39.29","38.80","24.73K","-1.20%"
"2021- 08- 17","39.27","39.32","39.32","39.03","66.52K","-0.71%"
"2021- 08- 16","39.55","39.31","39.55","39.11","52.98K","0.41%"
"2021- 08- 13","39.39","39.42","39.46","39.32","95.43K","0.15%"
"2021- 08- 12","39.33","39.20","39.34","39.13","77.57K","0.38%"
"2021- 08- 11","39.18","39.24","39.24","39.10","43.29K","0.31%"
"2021- 08- 10","39.06","39.09","39.14","39.02","128.09K","0.08%"
"2021- 08- 09","39.03","39.04","39.15","38.97","69.54K","-0.08%"
"2021- 08- 08","39.06","39.06","39.06","39.06","","0.00%"
"2021- 08- 07","39.06","39.06","39.06","39.06","","0.00%"
"2021- 08- 06","39.06","39.02","39.14","39.02","34.56K","0.05%"
"2021- 08- 05","39.04","38.95","39.04","38.88","30.85K","0.54%"
"2021- 08- 04","38.83","38.92","38.93","38.79","49.81K","-0.41%"
"2021- 08- 03","38.99","38.79","39.00","38.61","41.49K","0.70%"
"2021- 08- 02","38.72","38.92","38.96","38.66","124.31K","0.03%"
"2021- 07- 30","38.71","38.73","38.86","38.70","46.16K","-0.69%"
"2021- 07- 29","38.98","38.87","39.06","38.87","56.12K","0.57%"
"2021- 07- 28","38.76","38.85","38.88","38.64","208.65K","-0.15%"
"2021- 07- 27","38.82","38.96","38.96","38.53","59.59K","-0.46%"
"2021- 07- 26","39.00","38.84","39.04","38.84","59.53K","0.21%"
"2021- 07- 23","38.92","38.73","38.95","38.68","133.56K","0.91%"
"2021- 07- 22","38.57","38.50","38.57","38.41","90.55K","0.26%"
"2021- 07- 21","38.47","38.29","38.48","38.29","69.37K","0.87%"
"2021- 07- 20","38.14","37.76","38.25","37.65","45.92K","1.44%"
"2021- 07- 19","37.60","37.75","37.75","37.38","306.77K","-1.62%"
"2021- 07- 16","38.22","38.66","38.67","38.17","76.93K","-0.62%"
"2021- 07- 15","38.46","38.54","38.56","38.33","147.48K","-0.49%"
"2021- 07- 14","38.65","38.77","38.81","38.59","66.34K","0.26%"
"2021- 07- 13","38.55","38.64","38.78","38.53","246.05K","-0.36%"
"2021- 07- 12","38.69","38.56","38.69","38.55","73.11K","0.47%"
"2021- 07- 09","38.51","38.28","38.53","38.28","53.09K","0.92%"
"2021- 07- 08","38.16","37.92","38.19","37.83","109.14K","-0.75%"
"2021- 07- 07","38.45","38.39","38.47","38.31","48.77K","0.47%"
"2021- 07- 06","38.27","38.37","38.44","38.05","84.39K","-0.18%"
"2021- 07- 05","38.34","38.34","38.34","38.34","","0.00%"
"2021- 07- 04","38.34","38.34","38.34","38.34","","0.00%"
"2021- 07- 03","38.34","38.34","38.34","38.34","","0.00%"
"2021- 07- 02","38.34","38.13","38.35","38.00","108.95K","0.89%"
"2021- 07- 01","38.00","37.85","38.00","37.85","41.34K","0.61%"
"2021- 06- 30","37.77","37.74","37.84","37.73","178.82K","0.00%"
"2021- 06- 29","37.77","37.77","37.79","37.71","75.05K","0.16%"
"2021- 06- 28","37.71","37.71","37.71","37.59","47.60K","0.16%"
"2021- 06- 25","37.65","37.65","37.65","37.57","23.40K","0.35%"
"2021- 06- 24","37.52","37.55","37.55","37.48","103.32K","0.59%"
"2021- 06- 23","37.30","37.34","37.44","37.30","150.40K","-0.03%"
"2021- 06- 22","37.31","37.16","37.39","37.12","103.64K","0.46%"
"2021- 06- 21","37.14","36.77","37.15","36.70","109.19K","1.25%"
"2021- 06- 18","36.68","36.93","36.93","36.67","29.60K","-1.40%"
"2021- 06- 17","37.20","37.21","37.32","37.02","189.10K","-0.13%"
"2021- 06- 16","37.25","37.42","37.43","37.08","71.13K","-0.45%"
"2021- 06- 15","37.42","37.46","37.46","37.34","50.34K","-0.11%"
"2021- 06- 14","37.46","37.42","37.46","37.29","71.29K","0.08%"
"2021- 06- 11","37.43","37.41","37.44","37.27","89.42K","0.21%"
"2021- 06- 10","37.35","37.23","37.40","37.21","30.04K","0.51%"
"2021- 06- 09","37.16","37.31","37.31","37.13","75.14K","-0.16%"
"2021- 06- 08","37.22","37.28","37.28","37.03","51.61K","0.22%"
"2021- 06- 07","37.14","37.20","37.20","37.06","26.47K","-0.05%"
"2021- 06- 04","37.16","36.97","37.19","36.97","50.63K","0.87%"
"2021- 06- 03","36.84","36.77","36.93","36.61","47.64K","-0.24%"
"2021- 06- 02","36.93","37.00","37.02","36.87","191.46K","0.11%"
"2021- 06- 01","36.89","37.15","37.18","36.85","51.76K","0.03%"
"2021- 05- 28","36.88","36.96","37.03","36.88","44.45K","0.16%"
"2021- 05- 27","36.82","36.97","36.99","36.82","28.75K","-0.22%"
"2021- 05- 26","36.90","36.92","36.92","36.77","74.33K","0.22%"
"2021- 05- 25","36.82","37.02","37.02","36.77","42.28K","-0.24%"
"2021- 05- 24","36.91","36.76","36.98","36.72","26.47K","1.07%"
"2021- 05- 21","36.52","36.67","36.79","36.47","44.05K","-0.08%"
"2021- 05- 20","36.55","36.23","36.66","36.23","53.78K","1.05%"
"2021- 05- 19","36.17","35.85","36.17","35.71","24.24K","-0.28%"
"2021- 05- 18","36.27","36.62","36.62","36.26","36.48K","-0.77%"
"2021- 05- 17","36.55","36.61","36.65","36.43","19.27K","-0.46%"
"2021- 05- 14","36.72","36.41","36.73","36.41","20.72K","1.60%"
"2021- 05- 13","36.14","35.93","36.30","35.93","50.96K","1.32%"
"2021- 05- 12","35.67","36.23","36.34","35.67","31.04K","-2.17%"
"2021- 05- 11","36.46","36.37","36.53","36.20","56.68K","-1.06%"
"2021- 05- 10","36.85","37.27","37.27","36.84","33.76K","-0.99%"
"2021- 05- 07","37.22","37.06","37.26","37.06","30.62K","0.87%"
"2021- 05- 06","36.90","36.67","36.95","36.52","50.55K","0.65%"
"2021- 05- 05","36.66","36.79","36.79","36.59","74.26K","0.25%"
"2021- 05- 04","36.57","36.64","36.66","36.30","50.98K","-0.87%"
"2021- 05- 03","36.89","37.00","37.00","36.82","25.34K","0.38%"
"2021- 04- 30","36.75","36.87","36.94","36.69","226.04K","-0.86%"
"2021- 04- 29","37.07","37.14","37.15","36.77","71.84K","0.84%"
"2021- 04- 28","36.76","36.82","36.94","36.74","70.21K","-0.14%"
"2021- 04- 27","36.81","36.84","36.84","36.70","87.21K","0.14%"
"2021- 04- 26","36.76","36.74","36.81","36.71","75.87K","0.16%"
"2021- 04- 23","36.70","36.37","36.79","36.33","64.10K","1.24%"
"2021- 04- 22","36.25","36.58","36.67","36.19","67.33K","-0.96%"
"2021- 04- 21","36.60","36.23","36.62","36.23","92.49K","0.77%"
"2021- 04- 20","36.32","36.43","36.49","36.18","124.43K","-0.77%"
"2021- 04- 19","36.60","36.71","36.72","36.46","214.48K","-0.41%"
"2021- 04- 16","36.75","36.76","36.76","36.62","58.56K","0.46%"
"2021- 04- 15","36.58","36.35","36.62","36.35","311.47K","1.19%"
"2021- 04- 14","36.15","36.35","36.35","36.12","165.56K","-0.36%"
"2021- 04- 13","36.28","36.32","36.36","36.21","64.49K","0.08%"
"2021- 04- 12","36.25","36.26","36.26","36.12","162.24K","0.08%"
"2021- 04- 09","36.22","35.87","36.25","35.87","95.79K","0.92%"
"2021- 04- 08","35.89","35.94","35.94","35.82","51.17K","0.22%"
"2021- 04- 07","35.81","35.67","35.81","35.66","119.58K","0.53%"
"2021- 04- 06","35.62","35.68","35.77","35.61","53.50K","-0.14%"
"2021- 04- 05","35.67","35.32","35.75","35.32","38.18K","1.39%"
"2021- 04- 01","35.18","34.97","35.18","34.94","144.42K","1.18%"
"2021- 03- 31","34.77","34.65","34.93","34.65","117.30K","0.43%"
"2021- 03- 30","34.62","34.71","34.73","34.53","58.09K","-0.32%"
"2021- 03- 29","34.73","34.67","34.86","34.54","254.74K","-0.20%"
"2021- 03- 26","34.80","34.30","34.80","34.30","178.21K","1.79%"
"2021- 03- 25","34.19","33.92","34.28","33.76","231.95K","0.55%"
"2021- 03- 24","34.00","34.33","34.45","34.00","344.18K","-0.56%"
"2021- 03- 23","34.19","34.32","34.52","34.15","143.26K","-0.73%"
"2021- 03- 22","34.44","34.18","34.52","34.15","47.95K","0.97%"
"2021- 03- 19","34.11","34.15","34.29","34.01","67.76K","-0.41%"
"2021- 03- 18","34.25","34.56","34.69","34.24","71.74K","-1.52%"
"2021- 03- 17","34.78","34.50","34.81","34.45","31.24K","0.26%"
"2021- 03- 16","34.69","34.68","34.82","34.59","67.77K","0.06%"
"2021- 03- 15","34.67","34.50","34.67","34.30","82.57K","0.64%"
"2021- 03- 12","34.45","34.35","34.46","34.19","34.27K","0.03%"
"2021- 03- 11","34.44","34.37","34.61","34.30","100.26K","1.00%"
"2021- 03- 10","34.10","34.08","34.19","33.97","124.96K","0.59%"
"2021- 03- 09","33.90","33.84","34.14","33.84","39.61K","1.41%"
"2021- 03- 08","33.43","33.77","33.98","33.43","45.54K","-0.81%"
"2021- 03- 05","33.70","33.42","33.72","32.86","89.53K","2.10%"
"2021- 03- 04","33.01","33.37","33.64","32.68","78.03K","-1.11%"
"2021- 03- 03","33.38","33.77","33.77","33.37","192.74K","-1.18%"
"2021- 03- 02","33.78","34.04","34.07","33.78","162.62K","-0.85%"
"2021- 03- 01","34.07","33.76","34.17","33.71","154.12K","2.47%"
"2021- 02- 26","33.25","33.56","33.68","33.25","124.51K","-0.60%"
"2021- 02- 25","33.45","34.19","34.20","33.30","171.95K","-2.19%"
"2021- 02- 24","34.20","33.80","34.26","33.67","40.95K","0.77%"
"2021- 02- 23","33.94","33.70","34.04","33.34","1.26M","0.15%"
"2021- 02- 22","33.89","33.95","34.06","33.84","44.12K","-0.73%"
"2021- 02- 19","34.14","34.42","34.42","34.11","57.76K","-0.35%"
"2021- 02- 18","34.26","34.21","34.30","34.00","46.48K","-0.20%"
"2021- 02- 17","34.33","34.22","34.39","34.14","77.55K","-0.17%"
"2021- 02- 16","34.39","34.49","34.52","34.29","42.59K","0.03%"
"2021- 02- 12","34.38","34.17","34.38","34.16","64.04K","0.38%"
"2021- 02- 11","34.25","34.26","34.29","34.00","96.40K","0.37%"
"2021- 02- 10","34.13","34.28","34.31","33.95","149.61K","-0.04%"
"2021- 02- 09","34.14","34.17","34.23","34.13","124.69K","-0.26%"
"2021- 02- 08","34.23","34.16","34.23","34.02","34.87K","0.59%"
"2021- 02- 05","34.03","34.01","34.07","33.90","33.03K","0.41%"
"2021- 02- 04","33.89","33.68","33.89","33.62","30.22K","1.07%"
"2021- 02- 03","33.53","33.68","33.74","33.48","23.96K","0.21%"
"2021- 02- 02","33.46","33.41","33.65","33.41","49.42K","1.27%"
"2021- 02- 01","33.04","32.90","33.16","32.70","80.04K","1.47%"
"2021- 01- 29","32.56","33.04","33.07","32.38","89.83K","-1.72%"
"2021- 01- 28","33.13","33.11","33.60","33.05","98.80K","0.55%"
"2021- 01- 27","32.95","33.49","33.49","32.73","182.21K","-2.43%"
"2021- 01- 26","33.77","33.86","33.88","33.69","267.09K","-0.06%"
"2021- 01- 25","33.79","33.78","33.80","33.27","63.52K","0.42%"
"2021- 01- 22","33.65","33.58","33.73","33.52","58.24K","-0.24%"
"2021- 01- 21","33.73","33.70","33.82","33.65","109.89K","0.36%"
"2021- 01- 20","33.61","33.33","33.70","33.32","53.26K","1.57%"
"2021- 01- 19","33.09","33.06","33.17","32.95","211.36K","0.64%"
"2021- 01- 15","32.88","32.96","33.04","32.76","31.60K","-0.54%"
"2021- 01- 14","33.06","33.32","33.34","33.06","36.89K","-0.66%"
"2021- 01- 13","33.28","33.13","33.34","33.13","33.95K","0.42%"
"2021- 01- 12","33.14","33.19","33.20","32.96","44.19K","-0.15%"
"2021- 01- 11","33.19","33.10","33.30","33.08","65.63K","-0.45%"
"2021- 01- 08","33.34","33.23","33.34","33.00","56.46K","0.57%"
"2021- 01- 07","33.15","32.98","33.27","32.92","352.42K","1.31%"
"2021- 01- 06","32.72","32.34","33.00","32.34","84.07K","0.34%"
"2021- 01- 05","32.61","32.25","32.62","32.25","38.00K","0.74%"
"2021- 01- 04","32.37","32.96","32.96","31.99","46.26K","-1.43%"
"2020- 12- 31","32.84","32.66","32.84","32.55","22.31K","0.52%"
"2020- 12- 30","32.67","32.78","32.78","32.61","15.50K","-0.09%"
"2020- 12- 29","32.70","32.91","32.93","32.64","20.38K","0.06%"
"2020- 12- 28","32.68","32.65","32.79","32.57","62.16K","0.99%"
"2020- 12- 24","32.36","32.35","32.39","32.27","9.84K","0.25%"
"2020- 12- 23","32.28","32.30","32.48","32.26","24.18K","0.03%"
"2020- 12- 22","32.27","32.39","32.40","32.20","28.13K","-0.25%"
"2020- 12- 21","32.35","32.05","32.35","31.81","23.07K","0.00%"
"2020- 12- 18","32.35","32.60","32.60","32.18","19.07K","-1.07%"
"2020- 12- 17","32.70","32.73","32.74","32.56","84.99K","0.52%"
"2020- 12- 16","32.53","32.51","32.59","32.38","91.02K","0.22%"
"2020- 12- 15","32.46","32.28","32.46","32.15","104.65K","1.37%"
"2020- 12- 14","32.02","32.34","32.41","32.00","26.92K","-0.28%"
"2020- 12- 11","32.11","32.07","32.15","31.84","64.48K","-0.37%"
"2020- 12- 10","32.23","32.16","32.32","32.04","68.99K","-0.15%"
"2020- 12- 09","32.28","32.59","32.62","32.19","52.67K","-0.92%"
"2020- 12- 08","32.58","32.39","32.60","32.31","46.36K","0.31%"
"2020- 12- 07","32.48","32.42","32.54","32.34","76.00K","-0.18%"
"2020- 12- 04","32.54","32.35","32.54","32.33","15.79K","0.81%"
"2020- 12- 03","32.28","32.37","32.40","32.20","17.97K","-0.19%"
"2020- 12- 02","32.34","32.17","32.34","32.07","66.40K","0.25%"
"2020- 12- 01","32.26","32.18","32.39","32.12","27.45K","1.22%"
"2020- 11- 30","31.87","31.99","31.99","31.66","70.57K","-0.36%"
"2020- 11- 27","31.99","32.00","32.08","31.97","9.48K","0.24%"
"2020- 11- 25","31.91","31.92","31.96","31.83","16.00K","-0.13%"
"2020- 11- 24","31.95","31.65","31.96","31.58","72.24K","1.59%"
"2020- 11- 23","31.45","31.48","31.50","31.21","90.72K","0.54%"
"2020- 11- 20","31.28","31.49","31.49","31.28","16.42K","-0.76%"
"2020- 11- 19","31.52","31.36","31.55","31.18","168.71K","0.45%"
"2020- 11- 18","31.38","31.79","31.82","31.38","25.45K","-1.13%"
"2020- 11- 17","31.74","31.74","31.86","31.61","29.26K","-0.63%"
"2020- 11- 16","31.94","31.87","31.94","31.69","49.50K","1.08%"
"2020- 11- 13","31.60","31.43","31.67","31.33","143.41K","1.22%"
"2020- 11- 12","31.22","31.35","31.46","31.03","82.43K","-0.76%"
"2020- 11- 11","31.46","31.40","31.55","31.35","176.84K","0.77%"
"2020- 11- 10","31.22","31.23","31.35","30.99","140.04K","-0.38%"
"2020- 11- 09","31.34","32.01","32.43","31.29","33.13K","0.93%"
"2020- 11- 06","31.05","31.06","31.16","30.86","15.95K","-0.10%"
"2020- 11- 05","31.08","31.02","31.27","30.98","126.39K","1.80%"
"2020- 11- 04","30.53","30.27","30.85","30.19","84.64K","2.69%"
"2020- 11- 03","29.73","29.46","29.91","29.45","18.35K","2.02%"
"2020- 11- 02","29.14","29.14","29.30","28.91","22.08K","1.39%"
"2020- 10- 30","28.74","29.05","29.16","28.53","45.62K","-1.88%"
"2020- 10- 29","29.29","29.07","29.53","28.82","49.93K","1.49%"
"2020- 10- 28","28.86","29.45","29.45","28.84","189.97K","-3.80%"
"2020- 10- 27","30.00","30.04","30.13","29.94","37.21K","-0.13%"
"2020- 10- 26","30.04","30.29","30.37","29.71","37.11K","-1.70%"
"2020- 10- 23","30.56","30.55","30.57","30.37","42.80K","0.20%"
"2020- 10- 22","30.50","30.39","30.59","30.15","194.02K","0.66%"
"2020- 10- 21","30.30","30.36","30.60","30.30","34.01K","-0.36%"
"2020- 10- 20","30.41","30.35","30.68","30.31","366.51K","0.60%"
"2020- 10- 19","30.23","30.88","30.89","30.16","25.91K","-1.66%"
"2020- 10- 16","30.74","30.92","31.01","30.74","11.89K","-0.13%"
"2020- 10- 15","30.78","30.38","30.78","30.38","23.29K","-0.03%"
"2020- 10- 14","30.79","31.04","31.15","30.75","25.33K","-0.77%"
"2020- 10- 13","31.03","31.28","31.28","30.96","15.32K","-0.77%"
"2020- 10- 12","31.27","30.97","31.32","30.88","719.23K","2.06%"
"2020- 10- 09","30.64","30.55","30.66","30.45","35.26K","1.09%"
"2020- 10- 08","30.31","30.32","30.34","30.22","19.01K","0.66%"
"2020- 10- 07","30.11","29.85","30.17","29.85","46.23K","1.69%"
"2020- 10- 06","29.61","30.09","30.20","29.56","59.80K","-1.50%"
"2020- 10- 05","30.06","29.73","30.06","29.73","30.43K","1.93%"
"2020- 10- 04","29.49","29.49","29.49","29.49","","0.00%"
"2020- 10- 03","29.49","29.49","29.49","29.49","","0.00%"
"2020- 10- 02","29.49","29.41","29.68","29.37","107.79K","-1.24%"
"2020- 10- 01","29.86","30.06","30.06","29.67","93.72K","0.84%"
"2020- 09- 30","29.61","29.44","29.92","29.44","272.23K","0.65%"
"2020- 09- 29","29.42","29.57","29.59","29.35","22.29K","-0.51%"
"2020- 09- 28","29.57","29.49","29.61","29.41","82.80K","1.65%"
"2020- 09- 27","29.09","29.09","29.09","29.09","","0.00%"
"2020- 09- 26","29.09","29.09","29.09","29.09","","0.00%"
"2020- 09- 25","29.09","28.56","29.15","28.44","109.40K","1.86%"
"2020- 09- 24","28.56","28.40","28.87","28.28","36.72K","0.33%"
"2020- 09- 23","28.47","29.28","29.28","28.44","27.41K","-2.55%"
"2020- 09- 22","29.21","29.06","29.21","28.80","22.64K","1.28%"
"2020- 09- 21","28.84","28.69","28.84","28.38","69.72K","-1.05%"
"2020- 09- 18","29.15","29.62","29.62","28.90","82.78K","-1.40%"
"2020- 09- 17","29.56","29.85","29.85","29.32","35.94K","-1.10%"
"2020- 09- 16","29.89","30.21","30.23","29.88","24.60K","-0.63%"
"2020- 09- 15","30.08","30.18","30.22","29.97","17.99K","0.60%"
"2020- 09- 14","29.90","29.82","30.07","29.76","17.04K","1.29%"
"2020- 09- 13","29.52","29.52","29.52","29.52","","0.00%"
"2020- 09- 11","29.52","29.71","29.73","29.26","31.35K","-0.07%"
"2020- 09- 10","29.54","30.30","30.33","29.45","111.65K","-1.83%"
"2020- 09- 09","30.09","29.89","30.28","29.76","60.33K","2.31%"
"2020- 09- 08","29.41","29.73","29.84","29.41","27.88K","-3.22%"
"2020- 09- 04","30.39","30.61","30.78","29.69","32.48K","-0.75%"
"2020- 09- 03","30.62","31.58","31.61","30.40","114.86K","-3.68%"
"2020- 09- 02","31.79","31.55","31.83","31.40","53.80K","1.40%"
"2020- 09- 01","31.35","31.15","31.35","31.05","114.51K","1.10%"
"2020- 08- 31","31.01","31.15","31.21","31.01","62.28K","-0.39%"
"2020- 08- 30","31.13","31.13","31.13","31.13","","0.00%"
"2020- 08- 28","31.13","31.05","31.16","30.95","24.63K","0.58%"
"2020- 08- 27","30.95","30.98","31.10","30.82","157.28K","0.16%"
"2020- 08- 26","30.90","30.63","30.90","30.60","29.32K","1.11%"
"2020- 08- 25","30.56","30.48","30.56","30.38","29.99K","0.36%"
"2020- 08- 24","30.45","30.43","30.45","30.30","42.74K","1.00%"
"2020- 08- 23","30.15","30.15","30.15","30.15","","0.00%"
"2020- 08- 22","30.15","30.15","30.15","30.15","","0.00%"
"2020- 08- 21","30.15","30.01","30.16","29.98","80.33K","0.47%"
"2020- 08- 20","30.01","29.68","30.03","29.68","16.58K","0.50%"
"2020- 08- 19","29.86","29.98","30.05","29.81","74.44K","-0.50%"
"2020- 08- 18","30.01","29.94","30.01","29.83","19.86K","0.33%"
"2020- 08- 17","29.91","29.90","29.92","29.83","68.80K","0.57%"
"2020- 08- 14","29.74","29.70","29.82","29.69","61.33K","-0.13%"
"2020- 08- 13","29.78","29.78","29.90","29.69","20.35K","-0.20%"
"2020- 08- 12","29.84","29.57","29.87","29.57","21.82K","1.81%"
"2020- 08- 11","29.31","29.76","29.79","29.31","70.45K","-1.11%"
"2020- 08- 10","29.64","29.63","29.64","29.49","26.34K","0.24%"
"2020- 08- 09","29.57","29.57","29.57","29.57","","0.00%"
"2020- 08- 08","29.57","29.57","29.57","29.57","","0.00%"
"2020- 08- 07","29.57","29.47","29.60","29.40","43.77K","-0.03%"
"2020- 08- 06","29.58","29.25","29.59","29.25","19.55K","0.85%"
"2020- 08- 05","29.33","29.31","29.34","29.26","14.80K","0.62%"
"2020- 08- 04","29.15","28.99","29.15","28.97","47.65K","0.31%"
"2020- 08- 03","29.06","29.00","29.10","28.97","35.56K","0.76%"
"2020- 08- 02","28.84","28.84","28.84","28.84","","0.00%"
"2020- 07- 31","28.84","28.84","28.84","28.35","32.86K","1.02%"
"2020- 07- 30","28.55","28.36","28.56","28.15","49.83K","-0.35%"
"2020- 07- 29","28.65","28.38","28.65","28.38","33.72K","1.34%"
"2020- 07- 28","28.27","28.41","28.52","28.27","24.93K","-0.81%"
"2020- 07- 27","28.50","28.27","28.50","28.23","42.25K","0.99%"
"2020- 07- 26","28.22","28.22","28.22","28.22","","0.00%"
"2020- 07- 25","28.22","28.22","28.22","28.22","","0.00%"
"2020- 07- 24","28.22","28.26","28.33","28.08","71.27K","-0.81%"
"2020- 07- 23","28.45","28.82","28.84","28.33","38.05K","-1.39%"
"2020- 07- 22","28.85","28.66","28.85","28.65","18.50K","0.49%"
"2020- 07- 21","28.71","28.88","28.88","28.65","24.75K","0.10%"
"2020- 07- 20","28.68","28.37","28.71","28.32","48.05K","1.20%"
"2020- 07- 17","28.34","28.33","28.43","28.19","34.23K","0.28%"
"2020- 07- 16","28.26","28.22","28.29","28.14","139.82K","-0.49%"
"2020- 07- 15","28.40","28.43","28.47","28.28","29.45K","0.85%"
"2020- 07- 14","28.16","27.76","28.18","27.57","52.53K","1.22%"
"2020- 07- 13","27.82","28.30","28.56","27.81","91.41K","-0.96%"
"2020- 07- 12","28.09","28.09","28.09","28.09","","0.00%"
"2020- 07- 11","28.09","28.09","28.09","28.09","","0.00%"
"2020- 07- 10","28.09","27.85","28.13","27.70","153.23K","0.83%"
"2020- 07- 09","27.86","28.02","28.02","27.53","250.10K","-0.32%"
"2020- 07- 08","27.95","27.84","27.97","27.75","117.45K","0.79%"
"2020- 07- 07","27.73","27.92","28.08","27.68","397.10K","-1.00%"
"2020- 07- 06","28.01","27.93","28.04","27.88","91.98K","1.78%"
"2020- 07- 05","27.52","27.52","27.52","27.52","","0.00%"
"2020- 07- 04","27.52","27.52","27.52","27.52","","0.00%"
"2020- 07- 02","27.52","27.74","27.83","27.49","113.57K","0.55%"
"2020- 07- 01","27.37","27.34","27.51","27.28","152.97K","0.44%"
"2020- 06- 30","27.25","26.81","27.33","26.81","52.82K","1.76%"
"2020- 06- 29","26.78","26.56","26.79","26.34","136.60K","0.98%"
"2020- 06- 26","26.52","27.04","27.04","26.39","73.36K","-2.25%"
"2020- 06- 25","27.13","26.79","27.13","26.58","75.31K","1.42%"
"2020- 06- 24","26.75","27.32","27.32","26.72","72.08K","-2.69%"
"2020- 06- 23","27.49","27.60","27.69","27.45","75.94K","0.70%"
"2020- 06- 22","27.30","27.13","27.35","27.04","410.26K","0.70%"
"2020- 06- 19","27.11","27.59","27.59","27.02","98.03K","-0.77%"
"2020- 06- 18","27.32","27.28","27.33","27.28","77.16K","-0.11%"
"2020- 06- 17","27.35","27.51","27.55","27.27","234.44K","-0.44%"
"2020- 06- 16","27.47","27.59","27.59","27.14","454.21K","2.19%"
"2020- 06- 15","26.88","26.33","26.95","26.33","133.23K","0.60%"
"2020- 06- 12","26.72","27.02","27.06","26.22","639.09K","1.29%"
"2020- 06- 11","26.38","27.25","27.35","26.36","200.42K","-5.62%"
"2020- 06- 10","27.95","28.06","28.18","27.95","208.82K","-0.53%"
"2020- 06- 09","28.10","27.94","28.20","27.94","697.66K","-0.39%"
"2020- 06- 08","28.21","27.98","28.21","27.88","417.72K","1.11%"
"2020- 06- 07","27.90","27.90","27.90","27.90","","0.00%"
"2020- 06- 05","27.90","27.70","28.01","27.70","149.27K","2.57%"
"2020- 06- 04","27.20","27.19","27.33","27.06","210.37K","-0.26%"
"2020- 06- 03","27.27","27.16","27.35","27.14","353.19K","1.26%"
"2020- 06- 02","26.93","26.83","26.94","26.70","114.48K","0.79%"
"2020- 06- 01","26.72","26.61","26.78","26.61","21.71K","0.23%"
"2020- 05- 29","26.66","26.46","26.67","26.23","147.26K","0.49%"
"2020- 05- 28","26.53","26.58","26.84","26.46","262.73K","-0.19%"
"2020- 05- 27","26.58","26.45","26.58","26.01","254.58K","1.45%"
"2020- 05- 26","26.20","26.45","26.45","26.20","119.53K","1.00%"
"2020- 05- 22","25.94","25.79","25.94","25.75","40.84K","0.23%"
"2020- 05- 21","25.88","26.07","26.07","25.86","93.95K","-0.80%"
"2020- 05- 20","26.09","25.94","26.13","25.94","69.92K","1.83%"
"2020- 05- 19","25.62","25.93","25.97","25.62","318.46K","-1.04%"
"2020- 05- 18","25.89","25.82","26.01","25.73","107.30K","2.78%"
"2020- 05- 15","25.19","24.88","25.19","24.83","67.92K","0.40%"
"2020- 05- 14","25.09","24.53","25.09","24.49","167.68K","1.25%"
"2020- 05- 13","24.78","25.00","25.00","24.65","27.26K","-1.67%"
"2020- 05- 12","25.20","25.86","25.86","25.20","28.79K","-2.02%"
"2020- 05- 11","25.72","25.41","25.83","25.41","148.10K","0.42%"
"2020- 05- 08","25.61","25.53","25.65","25.49","8.83K","1.44%"
"2020- 05- 07","25.25","25.29","25.40","25.23","8.23K","1.04%"
"2020- 05- 06","24.99","25.35","25.35","24.98","10.64K","-0.56%"
"2020- 05- 05","25.13","25.21","25.37","25.09","60.74K","1.21%"
"2020- 05- 04","24.83","24.45","24.88","24.45","251.77K","0.40%"
"2020- 05- 03","24.73","24.73","24.73","24.73","","0.00%"
"2020- 05- 02","24.73","24.73","24.73","24.73","","0.00%"
"2020- 05- 01","24.73","24.98","25.01","24.67","55.59K","-3.02%"
"2020- 04- 30","25.50","25.68","25.68","25.27","430.77K","-0.62%"
"2020- 04- 29","25.66","25.44","25.80","25.44","9.14K","2.59%"
"2020- 04- 28","25.01","25.51","25.54","25.01","8.99K","-0.66%"
"2020- 04- 27","25.18","25.05","25.24","25.01","14.96K","1.58%"
"2020- 04- 24","24.79","24.48","24.82","24.42","8.18K","1.32%"
"2020- 04- 23","24.47","24.72","24.86","24.47","34.03K","-0.25%"
"2020- 04- 22","24.53","24.50","24.58","24.33","6.00K","2.18%"
"2020- 04- 21","24.01","24.31","24.31","23.91","31.76K","-2.93%"
"2020- 04- 20","24.73","24.95","25.13","24.71","11.48K","-1.83%"
"2020- 04- 17","25.19","25.01","25.26","24.84","20.00K","2.44%"
"2020- 04- 16","24.59","24.45","24.59","24.27","65.01K","0.98%"
"2020- 04- 15","24.35","24.53","24.58","24.23","99.32K","-2.27%"
"2020- 04- 14","24.92","24.81","24.93","24.65","15.88K","3.00%"
"2020- 04- 13","24.19","24.12","24.20","23.82","117.67K","-0.82%"
"2020- 04- 09","24.39","24.29","25.43","24.16","327.24K","1.50%"
"2020- 04- 08","24.03","23.47","24.05","23.29","289.22K","3.27%"
"2020- 04- 07","23.27","23.93","23.97","23.27","185.83K","-0.21%"
"2020- 04- 06","23.32","22.62","23.34","22.59","11.28K","7.27%"
"2020- 04- 03","21.74","22.01","22.01","21.55","7.71K","-1.45%"
"2020- 04- 02","22.06","21.50","22.06","21.50","14.33K","2.13%"
"2020- 04- 01","21.60","21.87","22.03","21.55","10.45K","-4.32%"
"2020- 03- 31","22.58","22.91","23.09","22.58","6.22K","-1.69%"
"2020- 03- 30","22.96","22.43","22.96","22.43","27.50K","3.62%"
"2020- 03- 28","22.16","22.16","22.16","22.16","","0.00%"
"2020- 03- 27","22.16","22.28","22.86","22.07","99.79K","-3.08%"
"2020- 03- 26","22.87","22.05","22.87","21.99","28.74K","6.13%"
"2020- 03- 25","21.55","21.51","22.29","21.04","46.54K","0.98%"
"2020- 03- 24","21.34","20.54","21.34","20.50","52.15K","9.38%"
"2020- 03- 23","19.51","20.07","20.07","19.29","894.49K","-3.03%"
"2020- 03- 21","20.12","20.12","20.12","20.12","","0.00%"
"2020- 03- 20","20.12","21.37","21.38","20.12","27.05K","-5.56%"
"2020- 03- 19","21.30","20.92","21.69","20.92","64.72K","0.90%"
"2020- 03- 18","21.11","21.49","21.49","20.05","51.15K","-3.87%"
"2020- 03- 17","21.96","21.31","22.38","20.83","159.67K","4.22%"
"2020- 03- 16","21.07","21.92","22.50","20.82","161.83K","-11.21%"
"2020- 03- 14","23.73","23.73","23.73","23.73","","0.00%"
"2020- 03- 13","23.73","23.73","23.74","21.81","636.62K","5.14%"
"2020- 03- 12","22.57","22.19","22.68","21.65","125.47K","-6.11%"
"2020- 03- 11","24.04","24.36","24.50","23.66","18.06K","-4.26%"
"2020- 03- 10","25.11","24.92","25.11","24.18","430.07K","5.02%"
"2020- 03- 09","23.91","26.12","26.12","23.86","570.97K","-7.93%"
"2020- 03- 06","25.97","25.61","25.97","25.33","39.21K","-1.44%"
"2020- 03- 05","26.35","26.57","26.89","26.20","86.56K","-3.59%"
"2020- 03- 04","27.33","26.50","27.33","26.48","88.90K","4.11%"
"2020- 03- 03","26.25","26.95","27.29","25.93","159.62K","-2.49%"
"2020- 03- 02","26.92","26.03","26.92","25.70","326.66K","5.65%"
"2020- 02- 28","25.48","24.96","25.53","24.29","190.33K","-1.55%"
"2020- 02- 27","25.88","26.70","26.86","25.88","37.06K","-4.64%"
"2020- 02- 26","27.14","27.37","27.67","27.09","32.90K","-0.18%"
"2020- 02- 25","27.19","28.14","28.14","27.08","33.94K","-2.93%"
"2020- 02- 24","28.01","28.06","28.34","28.01","17.55K","-3.48%"
"2020- 02- 21","29.02","29.34","29.34","28.95","20.42K","-1.09%"
"2020- 02- 20","29.34","29.44","29.49","29.10","69.93K","-0.51%"
"2020- 02- 19","29.49","29.56","29.56","29.39","91.83K","0.65%"
"2020- 02- 18","29.30","29.30","29.35","29.19","34.52K","-0.41%"
"2020- 02- 17","29.42","29.42","29.42","29.42","","0.00%"
"2020- 02- 14","29.42","29.39","29.42","29.34","22.52K","0.27%"
"2020- 02- 13","29.34","29.30","29.42","29.28","53.05K","-0.20%"
"2020- 02- 12","29.40","29.34","29.41","29.32","15.92K","0.68%"
"2020- 02- 11","29.20","29.36","29.36","29.20","43.66K","0.14%"
"2020- 02- 10","29.16","28.82","29.16","28.82","9.41K","0.80%"
"2020- 02- 07","28.93","28.91","29.07","28.91","21.49K","-0.45%"
"2020- 02- 06","29.06","28.96","29.08","28.96","13.35K","0.45%"
"2020- 02- 05","28.93","29.07","29.07","28.80","14.83K","0.98%"
"2020- 02- 04","28.65","28.67","28.72","28.65","8.49K","1.34%"
"2020- 02- 03","28.27","28.27","28.39","28.26","7.27K","0.64%"
"2020- 01- 31","28.09","28.49","28.49","28.05","14.79K","-1.51%"
"2020- 01- 30","28.52","28.20","28.52","28.17","6.00K","0.46%"
"2020- 01- 29","28.39","28.64","28.64","28.37","22.77K","-0.14%"
"2020- 01- 28","28.43","28.31","28.52","28.31","14.23K","1.17%"
"2020- 01- 27","28.10","27.97","28.27","26.66","27.54K","-1.51%"
"2020- 01- 24","28.53","28.77","28.78","28.44","10.82K","-0.83%"
"2020- 01- 23","28.77","28.68","28.78","28.61","27.66K","-0.14%"
"2020- 01- 22","28.81","28.81","28.93","28.79","6.26K","0.31%"
"2020- 01- 21","28.72","28.68","28.82","28.68","13.51K","-0.31%"
"2020- 01- 17","28.81","28.86","28.86","28.74","13.70K","0.52%"
"2020- 01- 16","28.66","28.58","28.66","28.56","5.14K","0.84%"
"2020- 01- 15","28.42","28.45","28.51","28.34","32.73K","0.18%"
"2020- 01- 14","28.37","28.51","28.51","28.35","9.53K","-0.11%"
"2020- 01- 13","28.40","28.40","28.40","28.28","12.06K","0.64%"
"2020- 01- 10","28.22","28.38","28.38","28.22","3.03K","-0.39%"
"2020- 01- 09","28.33","28.24","28.33","28.24","16.54K","0.85%"
"2020- 01- 08","28.09","27.99","28.24","27.99","5.63K","0.36%"
"2020- 01- 07","27.99","28.08","28.08","27.96","7.88K","-0.29%"
"2020- 01- 06","28.07","27.80","28.07","27.80","12.82K","0.32%"
"2020- 01- 03","27.98","27.86","28.07","27.86","13.14K","-0.57%"
"2020- 01- 02","28.14","28.00","28.18","27.97","12.60K","0.90%"
"2019- 12- 31","27.89","27.87","27.89","27.80","15.35K","0.07%"
"2019- 12- 30","27.87","27.98","27.98","27.85","5.86K","-0.36%"
"2019- 12- 27","27.97","28.03","28.12","27.97","15.70K","0.04%"
"2019- 12- 26","27.96","27.82","27.97","27.82","7.15K","0.61%"
"2019- 12- 24","27.79","27.78","27.83","27.78","20.05K","-0.11%"
"2019- 12- 23","27.82","27.95","27.95","27.81","9.83K","0.04%"
"2019- 12- 20","27.81","27.73","27.88","27.73","22.36K","0.18%"
"2019- 12- 19","27.76","27.66","27.79","27.66","7.10K","0.36%"
"2019- 12- 18","27.66","27.73","27.75","27.66","49.45K","-0.14%"
"2019- 12- 17","27.70","27.75","27.78","27.70","15.37K","-0.11%"
"2019- 12- 16","27.73","27.68","27.79","27.68","24.70K","0.80%"
"2019- 12- 13","27.51","27.49","27.57","27.45","4.89K","0.00%"
"2019- 12- 12","27.51","27.35","27.52","27.30","11.22K","1.03%"
"2019- 12- 11","27.23","27.23","27.23","27.16","13.91K","0.29%"
"2019- 12- 10","27.15","27.18","27.22","27.15","15.06K","-0.07%"
"2019- 12- 09","27.17","27.18","27.29","27.17","6.28K","-0.33%"
"2019- 12- 06","27.26","27.24","27.31","27.24","5.78K","0.89%"
"2019- 12- 05","27.02","26.96","27.02","26.94","8.47K","0.19%"
"2019- 12- 04","26.97","26.98","27.01","26.95","4.64K","0.67%"
"2019- 12- 03","26.79","26.71","26.80","26.63","11.85K","-0.67%"
"2019- 12- 02","26.97","27.10","27.10","26.94","8.89K","-0.85%"
"2019- 11- 29","27.20","27.26","27.34","27.19","4.85K","-0.29%"
"2019- 11- 27","27.28","27.22","27.30","27.22","4.61K","0.29%"
"2019- 11- 26","27.20","27.11","27.20","27.11","7.88K","0.33%"
"2019- 11- 25","27.11","27.03","27.11","27.03","11.51K","0.78%"
"2019- 11- 22","26.90","26.91","26.92","26.86","6.71K","0.19%"
"2019- 11- 21","26.85","26.83","26.90","26.81","6.51K","-0.15%"
"2019- 11- 20","26.89","26.98","26.99","26.84","7.58K","-0.44%"
"2019- 11- 19","27.01","27.06","27.06","26.96","10.02K","0.00%"
"2019- 11- 18","27.01","26.96","27.03","26.95","6.52K","0.11%"
"2019- 11- 15","26.98","27.00","27.00","26.90","6.59K","0.67%"
"2019- 11- 14","26.80","26.83","26.83","26.73","6.16K","0.07%"
"2019- 11- 13","26.78","26.63","26.80","26.63","7.17K","0.15%"
"2019- 11- 12","26.74","26.74","26.83","26.69","8.76K","0.19%"
"2019- 11- 11","26.69","26.66","26.73","26.66","5.29K","-0.19%"
"2019- 11- 08","26.74","26.61","26.74","26.61","10.43K","0.26%"
"2019- 11- 07","26.67","26.66","26.78","26.66","10.97K","0.38%"
"2019- 11- 06","26.57","26.56","26.57","26.49","8.66K","0.04%"
"2019- 11- 05","26.56","26.59","26.63","26.54","10.23K","-0.11%"
"2019- 11- 04","26.59","26.61","26.62","26.56","6.01K","0.45%"
"2019- 11- 01","26.47","26.47","26.47","26.41","5.20K","0.99%"
"2019- 10- 31","26.21","26.26","26.26","26.12","14.23K","-0.30%"
"2019- 10- 30","26.29","26.18","26.29","26.17","27.33K","0.31%"
"2019- 10- 29","26.21","26.27","26.31","26.19","5.75K","-0.23%"
"2019- 10- 28","26.27","26.19","26.29","26.19","7.94K","0.65%"
"2019- 10- 25","26.10","25.95","26.13","25.95","24.71K","0.38%"
"2019- 10- 24","26.00","25.98","26.01","25.92","7.13K","0.19%"
"2019- 10- 23","25.95","25.95","25.95","25.86","11.34K","0.15%"
"2019- 10- 22","25.91","26.02","26.06","25.91","10.42K","-0.19%"
"2019- 10- 21","25.96","25.90","25.96","25.88","6.44K","0.58%"
"2019- 10- 18","25.81","25.89","25.89","25.71","9.14K","-0.04%"
"2019- 10- 17","25.82","25.83","25.92","25.79","32.44K","0.27%"
"2019- 10- 16","25.75","25.76","25.83","25.73","8.06K","-0.27%"
"2019- 10- 15","25.82","25.60","25.87","25.60","7.36K","1.02%"
"2019- 10- 14","25.56","25.53","25.60","25.53","6.36K","-0.20%"
"2019- 10- 11","25.61","25.77","25.77","25.61","2.96K","1.19%"
"2019- 10- 10","25.31","25.11","25.42","25.11","97.16K","0.56%"
"2019- 10- 09","25.17","25.18","25.23","25.09","19.95K","1.00%"
"2019- 10- 08","24.92","25.00","25.16","24.92","12.66K","-1.62%"
"2019- 10- 07","25.33","25.35","25.45","25.33","4.71K","-0.28%"
"2019- 10- 04","25.40","25.18","25.40","25.17","6.75K","1.60%"
"2019- 10- 03","25.00","24.78","25.01","24.61","18.37K","0.68%"
"2019- 10- 02","24.83","25.03","25.03","24.73","569.80K","-1.94%"
"2019- 10- 01","25.32","25.64","25.77","25.31","18.68K","-1.25%"
"2019- 09- 30","25.64","25.64","25.69","25.59","58.75K","0.59%"
"2019- 09- 27","25.49","25.65","25.70","25.38","6.59K","-0.55%"
"2019- 09- 26","25.63","25.65","25.68","25.55","13.35K","-0.35%"
"2019- 09- 25","25.72","25.52","25.72","25.44","44.94K","0.70%"
"2019- 09- 24","25.54","25.86","25.88","25.47","2.61M","-0.85%"
"2019- 09- 23","25.76","25.72","25.82","25.72","9.71K","-0.04%"
"2019- 09- 20","25.77","25.94","25.94","25.77","1.37K","-1.15%"
"2019- 09- 19","26.07","26.15","26.17","26.07","0.51K","0.08%"
"2019- 09- 18","26.05","25.99","26.05","25.96","0.44K","0.04%"
"2019- 09- 17","26.04","25.95","26.04","25.95","26.09K","0.27%"
"2019- 09- 16","25.97","25.97","25.98","25.96","2.95K","-0.38%"
"2019- 09- 13","26.07","26.13","26.13","26.04","2.31K","-0.11%"
"2019- 09- 12","26.10","26.05","26.17","26.05","1.67K","0.54%"
"2019- 09- 11","25.96","25.88","25.96","25.88","12.25K","0.78%"
"2019- 09- 10","25.76","25.72","25.76","25.70","1.12K","-0.16%"
"2019- 09- 09","25.80","25.85","25.85","25.77","3.20K","0.04%"
"2019- 09- 06","25.79","25.80","25.84","25.79","2.99K","0.08%"
"2019- 09- 05","25.77","25.76","25.83","25.75","13.28K","1.34%"
"2019- 09- 04","25.43","25.38","25.43","25.38","8.39K","1.07%"
"2019- 09- 03","25.16","25.09","25.16","25.09","0.68K","-0.63%"
"2019- 08- 30","25.32","25.41","25.41","25.24","3.24K","0.16%"
"2019- 08- 29","25.28","25.28","25.28","25.22","0.82K","1.24%"
"2019- 08- 28","24.97","24.98","24.98","24.95","2.90K","0.52%"
"2019- 08- 27","24.84","24.99","24.99","24.84","3.35K","-0.12%"
"2019- 08- 26","24.87","24.79","24.87","24.79","1.19K","1.34%"
"2019- 08- 23","24.54","25.28","25.28","24.54","0.75K","-3.04%"
"2019- 08- 22","25.31","25.39","25.39","25.25","4.65K","0.00%"
"2019- 08- 21","25.31","25.28","25.33","25.28","7.28K","0.84%"
"2019- 08- 20","25.10","25.20","25.20","25.10","1.27K","-0.75%"
"2019- 08- 19","25.29","25.29","25.29","25.29","0.02K","1.20%"
"2019- 08- 16","24.99","24.88","24.99","24.88","1.77K","1.50%"
"2019- 08- 15","24.62","24.60","24.62","24.42","4.18K","0.12%"
"2019- 08- 14","24.59","24.88","24.88","24.59","2.18K","-2.69%"
"2019- 08- 13","25.27","25.30","25.30","25.27","0.21K","1.53%"
"2019- 08- 12","24.89","25.14","25.14","24.89","0.74K","-1.23%"
"2019- 08- 09","25.20","25.34","25.34","25.03","2.77K","-0.47%"
"2019- 08- 08","25.32","25.04","25.32","25.04","4.72K","1.65%"
"2019- 08- 07","24.91","24.61","24.91","24.46","3.30K","0.20%"
"2019- 08- 06","24.86","24.76","24.86","24.58","8.70K","1.22%"
"2019- 08- 05","24.56","24.96","24.96","24.51","3.49K","-2.85%"
"2019- 08- 02","25.28","25.24","25.28","25.21","8.20K","-0.75%"
"2019- 08- 01","25.47","25.79","25.96","25.42","2.51K","-0.93%"
"2019- 07- 31","25.71","25.71","25.71","25.71","0.00K","-0.89%"
"2019- 07- 30","25.94","25.98","25.99","25.94","1.92K","-0.42%"
"2019- 07- 29","26.05","26.04","26.05","26.02","1.13K","-0.04%"
"2019- 07- 26","26.06","26.05","26.06","26.05","2.37K","0.89%"
"2019- 07- 25","25.83","25.91","25.91","25.83","1.54K","-0.46%"
"2019- 07- 24","25.95","25.85","25.95","25.85","4.18K","0.43%"
"2019- 07- 23","25.84","25.71","25.84","25.71","1.22K","0.70%"
"2019- 07- 22","25.66","25.63","25.66","25.63","0.78K","0.23%"
"2019- 07- 19","25.60","25.95","25.95","25.60","6.15K","-0.54%"
"2019- 07- 18","25.74","25.63","25.74","25.63","2.56K","0.19%"
"2019- 07- 17","25.69","25.75","25.78","25.69","5.15K","-0.58%"
"2019- 07- 16","25.84","25.89","25.89","25.84","0.78K","-0.19%"
"2019- 07- 15","25.89","26.00","26.00","25.87","4.73K","0.08%"
"2019- 07- 12","25.87","25.84","25.87","25.84","2.49K","0.39%"
"2019- 07- 11","25.77","25.79","25.79","25.73","5.22K","0.27%"
"2019- 07- 10","25.70","25.72","25.74","25.70","0.74K","0.47%"
"2019- 07- 09","25.58","25.55","25.58","25.54","410.13K","0.12%"
"2019- 07- 08","25.55","25.55","25.55","25.55","0.10K","-0.31%"
"2019- 07- 05","25.63","25.63","25.63","25.63","0.01K","-0.23%"
"2019- 07- 03","25.69","25.69","25.69","25.69","0.98K","0.78%"
"2019- 07- 02","25.49","25.44","25.49","25.44","0.50K","0.28%"
"2019- 07- 01","25.42","25.59","25.59","25.42","0.50K","0.87%"
"2019- 06- 28","25.20","25.20","25.20","25.20","","0.44%"
"2019- 06- 27","25.09","25.09","25.09","25.09","0.03K","0.32%"